{
  "metamaterial_structures": {
    "fabrication_process": {
      "substrate": "high_resistivity_silicon",
      "lithography": "electron_beam_direct_write",
      "etching": "reactive_ion_etching",
      "metallization": "sputtered_gold_layer",
      "post_processing": "critical_point_drying"
    },
    "quality_control": {
      "dimensional_tolerance_nm": 10,
      "surface_roughness_nm": 2,
      "electrical_properties": "impedance_matched",
      "optical_properties": "low_loss_certified"
    },
    "production_capacity": {
      "structures_per_wafer": 100,
      "wafers_per_batch": 25,
      "batch_cycle_time_hours": 48,
      "annual_capacity": 50000
    }
  },
  "control_electronics": {
    "circuit_design": "aerospace_grade_pcb",
    "components": "mil_spec_certified",
    "software": "real_time_operating_system",
    "interfaces": [
      "ethernet_1gbps",
      "usb_3_0",
      "rs485"
    ],
    "power_requirements": {
      "voltage_vdc": 24,
      "current_max_a": 5,
      "power_consumption_w": 120
    }
  },
  "assembly_specifications": {
    "cleanroom_class": 100,
    "assembly_automation": "robotic_precision_placement",
    "testing_protocols": "full_functional_validation",
    "packaging": "hermetically_sealed_enclosure",
    "documentation": "full_traceability_records"
  }
}