{
  "design_name": "warp_metamaterial_layered_dielectric",
  "technology": "optical_lithography",
  "minimum_feature_size": "50nm",
  "shells": [
    {
      "shell_index": 0,
      "radius_range": [
        4.250000000000018e-36,
        4.660032333608547e-36
      ],
      "pattern_type": "layered_dielectric",
      "dimensions": {}
    },
    {
      "shell_index": 1,
      "radius_range": [
        4.660032333608547e-36,
        5.1096238471240065e-36
      ],
      "pattern_type": "layered_dielectric",
      "dimensions": {}
    },
    {
      "shell_index": 2,
      "radius_range": [
        5.1096238471240065e-36,
        5.602591138864721e-36
      ],
      "pattern_type": "layered_dielectric",
      "dimensions": {}
    },
    {
      "shell_index": 3,
      "radius_range": [
        5.602591138864721e-36,
        6.14311902567017e-36
      ],
      "pattern_type": "layered_dielectric",
      "dimensions": {}
    },
    {
      "shell_index": 4,
      "radius_range": [
        6.14311902567017e-36,
        6.735796067959805e-36
      ],
      "pattern_type": "layered_dielectric",
      "dimensions": {}
    },
    {
      "shell_index": 5,
      "radius_range": [
        6.735796067959805e-36,
        7.385653522184911e-36
      ],
      "pattern_type": "layered_dielectric",
      "dimensions": {}
    },
    {
      "shell_index": 6,
      "radius_range": [
        7.385653522184911e-36,
        8.098208051343856e-36
      ],
      "pattern_type": "layered_dielectric",
      "dimensions": {}
    },
    {
      "shell_index": 7,
      "radius_range": [
        8.098208051343856e-36,
        8.879508556129711e-36
      ],
      "pattern_type": "layered_dielectric",
      "dimensions": {}
    },
    {
      "shell_index": 8,
      "radius_range": [
        8.879508556129711e-36,
        9.736187524263064e-36
      ],
      "pattern_type": "layered_dielectric",
      "dimensions": {}
    },
    {
      "shell_index": 9,
      "radius_range": [
        9.736187524263064e-36,
        1.0675517333915726e-35
      ],
      "pattern_type": "layered_dielectric",
      "dimensions": {}
    },
    {
      "shell_index": 10,
      "radius_range": [
        1.0675517333915726e-35,
        1.1705471989187196e-35
      ],
      "pattern_type": "layered_dielectric",
      "dimensions": {}
    },
    {
      "shell_index": 11,
      "radius_range": [
        1.1705471989187196e-35,
        1.283479481170853e-35
      ],
      "pattern_type": "layered_dielectric",
      "dimensions": {}
    },
    {
      "shell_index": 12,
      "radius_range": [
        1.283479481170853e-35,
        1.4073072663010282e-35
      ],
      "pattern_type": "layered_dielectric",
      "dimensions": {}
    },
    {
      "shell_index": 13,
      "radius_range": [
        1.4073072663010282e-35,
        1.5430817327729453e-35
      ],
      "pattern_type": "layered_dielectric",
      "dimensions": {}
    },
    {
      "shell_index": 14,
      "radius_range": [
        1.5430817327729453e-35,
        1.691955474852376e-35
      ],
      "pattern_type": "layered_dielectric",
      "dimensions": {}
    },
    {
      "shell_index": 15,
      "radius_range": [
        1.691955474852376e-35,
        1.8551922870207156e-35
      ],
      "pattern_type": "layered_dielectric",
      "dimensions": {}
    },
    {
      "shell_index": 16,
      "radius_range": [
        1.8551922870207156e-35,
        2.0341778923712203e-35
      ],
      "pattern_type": "layered_dielectric",
      "dimensions": {}
    },
    {
      "shell_index": 17,
      "radius_range": [
        2.0341778923712203e-35,
        2.230431706061537e-35
      ],
      "pattern_type": "layered_dielectric",
      "dimensions": {}
    },
    {
      "shell_index": 18,
      "radius_range": [
        2.230431706061537e-35,
        2.445619733682916e-35
      ],
      "pattern_type": "layered_dielectric",
      "dimensions": {}
    },
    {
      "shell_index": 19,
      "radius_range": [
        2.445619733682916e-35,
        2.681568714040815e-35
      ],
      "pattern_type": "layered_dielectric",
      "dimensions": {}
    },
    {
      "shell_index": 20,
      "radius_range": [
        2.681568714040815e-35,
        2.9402816264055156e-35
      ],
      "pattern_type": "layered_dielectric",
      "dimensions": {}
    },
    {
      "shell_index": 21,
      "radius_range": [
        2.9402816264055156e-35,
        3.2239546938740635e-35
      ],
      "pattern_type": "layered_dielectric",
      "dimensions": {}
    },
    {
      "shell_index": 22,
      "radius_range": [
        3.2239546938740635e-35,
        3.5349960271863804e-35
      ],
      "pattern_type": "layered_dielectric",
      "dimensions": {}
    },
    {
      "shell_index": 23,
      "radius_range": [
        3.5349960271863804e-35,
        3.8760460672626406e-35
      ],
      "pattern_type": "layered_dielectric",
      "dimensions": {}
    },
    {
      "shell_index": 24,
      "radius_range": [
        3.8760460672626406e-35,
        4.250000000000018e-35
      ],
      "pattern_type": "layered_dielectric",
      "dimensions": {}
    }
  ]
}