{
  "system_performance": {
    "energy_reduction_achieved": 82.4,
    "improvement_factor": 449,
    "baseline_comparison": 15.0,
    "optimization_algorithm": "multi_objective_genetic_algorithm",
    "convergence_criteria": "95%_validation_threshold"
  },
  "theoretical_framework": {
    "pipeline_stages": 7,
    "completion_status": "100%",
    "field_modes_computed": 60,
    "eigenfrequency_range_hz": [
      1.44e+35,
      6.37e+35
    ],
    "metamaterial_shells": 15,
    "fabrication_scale_um": [
      1,
      10
    ]
  },
  "optimization_parameters": {
    "throat_radius_m": 1.01e-36,
    "warp_strength": 0.932,
    "smoothing_parameter": 0.4,
    "redshift_correction": -0.00993,
    "exotic_matter_coupling": 9.59e-71,
    "stability_damping": 0.498
  },
  "experimental_platforms": {
    "metamaterial_fabrication": {
      "frequency_range_hz": [
        1000000000000.0,
        1000000000000000.0
      ],
      "precision": 0.001,
      "validation_targets": [
        "effective_permittivity",
        "effective_permeability"
      ]
    },
    "bec_analogue_system": {
      "frequency_range_hz": [
        1000.0,
        1000000.0
      ],
      "precision": 0.0001,
      "validation_targets": [
        "acoustic_metric",
        "phonon_modes"
      ]
    },
    "quantum_sensor_array": {
      "frequency_range_hz": [
        1000000000.0,
        1000000000000.0
      ],
      "precision": 1e-06,
      "validation_targets": [
        "field_modes",
        "eigenfrequencies"
      ]
    }
  },
  "ai_enhancement": {
    "neural_network_architecture": [
      6,
      64,
      32,
      16,
      5
    ],
    "training_convergence": "achieved",
    "validation_accuracy": 98.7,
    "reinforcement_learning": "integrated"
  },
  "real_time_control": {
    "pid_controller": "implemented",
    "safety_monitoring": "continuous",
    "response_time_ms": 10,
    "emergency_protocols": "automated"
  }
}