{
  "operator_training": {
    "duration_hours": 40,
    "modules": [
      "System Overview and Principles",
      "Safety Procedures and Protocols",
      "Operation and Control Techniques",
      "Maintenance and Troubleshooting",
      "Emergency Response Procedures"
    ],
    "certification_requirements": "Written exam and practical demonstration",
    "recertification_period_months": 12
  },
  "maintenance_training": {
    "duration_hours": 60,
    "modules": [
      "System Architecture and Components",
      "Preventive Maintenance Procedures",
      "Diagnostic Techniques and Tools",
      "Component Replacement Procedures",
      "Calibration and Verification Methods"
    ],
    "certification_requirements": "Practical skills assessment",
    "recertification_period_months": 24
  }
}