{
  "iso_9001_compliance": {
    "quality_management_system": "documented_procedures",
    "process_control": "statistical_process_control",
    "continuous_improvement": "kaizen_methodology",
    "customer_satisfaction": "feedback_loop_integrated"
  },
  "aerospace_standards": {
    "as9100": "aerospace_quality_management",
    "mil_std_specifications": "military_standard_compliance",
    "nasa_standards": "space_application_ready",
    "safety_requirements": "fail_safe_design"
  },
  "measurement_standards": {
    "nist_traceability": "calibrated_instruments",
    "uncertainty_analysis": "guide_to_uncertainty_in_measurement",
    "validation_protocols": "independent_verification",
    "documentation": "full_measurement_records"
  }
}