{
  "metadata": {
    "design_name": "warp_bubble_metamaterial",
    "source_geometry": "optimized_warp_bubble_v3",
    "throat_radius": 1e-06,
    "total_shells": 15,
    "radial_range": [
      1e-06,
      9.999999999999999e-06
    ],
    "design_date": "2025-05-31",
    "target_application": "quantum_field_analog_gravity"
  },
  "mode_spectrum_summary": {
    "total_modes": 20,
    "frequency_range": [
      1.44424071e+35,
      6.3658416e+35
    ],
    "angular_momentum_channels": [
      0,
      1,
      2,
      3
    ]
  },
  "validation_results": {
    "physical_realizability": true,
    "fabrication_feasibility": true,
    "warnings": [],
    "recommendations": []
  },
  "metamaterial_shells": [
    {
      "shell_index": 0,
      "radius_inner": 1e-06,
      "radius_outer": 1.1659144011798312e-06,
      "radius_midpoint": 1.0797751623277093e-06,
      "thickness": 1.6591440117983125e-07,
      "material_parameters": {
        "epsilon_radial": 1.6286758561979808,
        "mu_radial": 0.6139957174246997,
        "epsilon_angular": 2.4365613451913313,
        "mu_angular": 0.4104144564115109,
        "anisotropy_ratio": 1.496038230025278
      },
      "unit_cell": {
        "type": "layered_dielectric",
        "layer_materials": [
          "silicon",
          "silica"
        ],
        "layer_thicknesses": [
          7.712679730912209e-05,
          0.00018616813143581195
        ],
        "num_periods": 1,
        "effective_index": 1.000000000389283,
        "target_epsilon": 1.6286758561979808,
        "target_mu": 0.6139957174246997,
        "geometric_scaling": {
          "reference_radius": 1.0797751623277093e-06,
          "wavelength_scale": 0.0010797751623277093,
          "subwavelength_ratio": 0.1
        }
      },
      "fabrication_notes": {
        "fabrication_method": "Chemical vapor deposition (CVD) + atomic layer deposition (ALD)",
        "critical_dimensions": [
          "Layer thickness: 77126.8 nm minimum"
        ],
        "material_requirements": [
          "High-purity silicon and silica precursors"
        ],
        "tolerance_requirements": "\u00b12% thickness control",
        "expected_challenges": [
          "Interface quality",
          "Stress management",
          "Thickness uniformity",
          "Large-area patterning"
        ]
      }
    },
    {
      "shell_index": 1,
      "radius_inner": 1.1659144011798312e-06,
      "radius_outer": 1.359356390878527e-06,
      "radius_midpoint": 1.2589254117941676e-06,
      "thickness": 1.9344198969869575e-07,
      "material_parameters": {
        "epsilon_radial": 1.5887879993827823,
        "mu_radial": 0.6294105954772126,
        "epsilon_angular": 2.3193226001084826,
        "mu_angular": 0.4311603741339073,
        "anisotropy_ratio": 1.4598062177014812
      },
      "unit_cell": {
        "type": "layered_dielectric",
        "layer_materials": [
          "silicon",
          "silica"
        ],
        "layer_thicknesses": [
          8.99232436995834e-05,
          0.00021705610548175303
        ],
        "num_periods": 1,
        "effective_index": 1.000000000389283,
        "target_epsilon": 1.5887879993827823,
        "target_mu": 0.6294105954772126,
        "geometric_scaling": {
          "reference_radius": 1.2589254117941676e-06,
          "wavelength_scale": 0.0012589254117941675,
          "subwavelength_ratio": 0.09999999999999999
        }
      },
      "fabrication_notes": {
        "fabrication_method": "Chemical vapor deposition (CVD) + atomic layer deposition (ALD)",
        "critical_dimensions": [
          "Layer thickness: 89923.2 nm minimum"
        ],
        "material_requirements": [
          "High-purity silicon and silica precursors"
        ],
        "tolerance_requirements": "\u00b12% thickness control",
        "expected_challenges": [
          "Interface quality",
          "Stress management",
          "Thickness uniformity",
          "Large-area patterning"
        ]
      }
    },
    {
      "shell_index": 2,
      "radius_inner": 1.359356390878527e-06,
      "radius_outer": 1.584893192461114e-06,
      "radius_midpoint": 1.4677992676220707e-06,
      "thickness": 2.2553680158258713e-07,
      "material_parameters": {
        "epsilon_radial": 1.498604566383425,
        "mu_radial": 0.6672874374004221,
        "epsilon_angular": 2.0685822953945245,
        "mu_angular": 0.4834228747999981,
        "anisotropy_ratio": 1.3803389778710096
      },
      "unit_cell": {
        "type": "layered_dielectric",
        "layer_materials": [
          "silicon",
          "silica"
        ],
        "layer_thicknesses": [
          0.0001048428048301479,
          0.0002530688392451846
        ],
        "num_periods": 1,
        "effective_index": 1.000000000389283,
        "target_epsilon": 1.498604566383425,
        "target_mu": 0.6672874374004221,
        "geometric_scaling": {
          "reference_radius": 1.4677992676220707e-06,
          "wavelength_scale": 0.0014677992676220707,
          "subwavelength_ratio": 0.09999999999999999
        }
      },
      "fabrication_notes": {
        "fabrication_method": "Chemical vapor deposition (CVD) + atomic layer deposition (ALD)",
        "critical_dimensions": [
          "Layer thickness: 104842.8 nm minimum"
        ],
        "material_requirements": [
          "High-purity silicon and silica precursors"
        ],
        "tolerance_requirements": "\u00b12% thickness control",
        "expected_challenges": [
          "Interface quality",
          "Stress management",
          "Thickness uniformity",
          "Large-area patterning"
        ]
      }
    },
    {
      "shell_index": 3,
      "radius_inner": 1.584893192461114e-06,
      "radius_outer": 1.8478497974222906e-06,
      "radius_midpoint": 1.711328304161781e-06,
      "thickness": 2.6295660496117655e-07,
      "material_parameters": {
        "epsilon_radial": 1.3611235018163121,
        "mu_radial": 0.7346871899898466,
        "epsilon_angular": 1.7226855299543828,
        "mu_angular": 0.5804889996530477,
        "anisotropy_ratio": 1.2656349902529747
      },
      "unit_cell": {
        "type": "layered_dielectric",
        "layer_materials": [
          "silicon",
          "silica"
        ],
        "layer_thicknesses": [
          0.0001222377360115558,
          0.00029505660416582433
        ],
        "num_periods": 1,
        "effective_index": 1.000000000389283,
        "target_epsilon": 1.3611235018163121,
        "target_mu": 0.7346871899898466,
        "geometric_scaling": {
          "reference_radius": 1.711328304161781e-06,
          "wavelength_scale": 0.001711328304161781,
          "subwavelength_ratio": 0.09999999999999999
        }
      },
      "fabrication_notes": {
        "fabrication_method": "Chemical vapor deposition (CVD) + atomic layer deposition (ALD)",
        "critical_dimensions": [
          "Layer thickness: 122237.7 nm minimum"
        ],
        "material_requirements": [
          "High-purity silicon and silica precursors"
        ],
        "tolerance_requirements": "\u00b12% thickness control",
        "expected_challenges": [
          "Interface quality",
          "Stress management",
          "Thickness uniformity",
          "Large-area patterning"
        ]
      }
    },
    {
      "shell_index": 4,
      "radius_inner": 1.8478497974222906e-06,
      "radius_outer": 2.1544346900318822e-06,
      "radius_midpoint": 1.9952623149688787e-06,
      "thickness": 3.065848926095916e-07,
      "material_parameters": {
        "epsilon_radial": 1.2054945863616509,
        "mu_radial": 0.8295350407144544,
        "epsilon_angular": 1.3802372111076633,
        "mu_angular": 0.7245131430687073,
        "anisotropy_ratio": 1.1449551302203769
      },
      "unit_cell": {
        "type": "layered_dielectric",
        "layer_materials": [
          "silicon",
          "silica"
        ],
        "layer_thicknesses": [
          0.00014251873678349135,
          0.0003440107439601516
        ],
        "num_periods": 1,
        "effective_index": 1.000000000389283,
        "target_epsilon": 1.2054945863616509,
        "target_mu": 0.8295350407144544,
        "geometric_scaling": {
          "reference_radius": 1.9952623149688787e-06,
          "wavelength_scale": 0.001995262314968879,
          "subwavelength_ratio": 0.1
        }
      },
      "fabrication_notes": {
        "fabrication_method": "Chemical vapor deposition (CVD) + atomic layer deposition (ALD)",
        "critical_dimensions": [
          "Layer thickness: 142518.7 nm minimum"
        ],
        "material_requirements": [
          "High-purity silicon and silica precursors"
        ],
        "tolerance_requirements": "\u00b12% thickness control",
        "expected_challenges": [
          "Interface quality",
          "Stress management",
          "Thickness uniformity",
          "Large-area patterning"
        ]
      }
    },
    {
      "shell_index": 5,
      "radius_inner": 2.1544346900318822e-06,
      "radius_outer": 2.5118864315095823e-06,
      "radius_midpoint": 2.3263050671536263e-06,
      "thickness": 3.5745174147770004e-07,
      "material_parameters": {
        "epsilon_radial": 1.0813462058441874,
        "mu_radial": 0.9247732089630669,
        "epsilon_angular": 1.1413230418715592,
        "mu_angular": 0.8761761248245584,
        "anisotropy_ratio": 1.055464971073301
      },
      "unit_cell": {
        "type": "layered_dielectric",
        "layer_materials": [
          "silicon",
          "silica"
        ],
        "layer_thicknesses": [
          0.00016616464765383044,
          0.0004010870805437287
        ],
        "num_periods": 1,
        "effective_index": 1.000000000389283,
        "target_epsilon": 1.0813462058441874,
        "target_mu": 0.9247732089630669,
        "geometric_scaling": {
          "reference_radius": 2.3263050671536263e-06,
          "wavelength_scale": 0.0023263050671536263,
          "subwavelength_ratio": 0.09999999999999999
        }
      },
      "fabrication_notes": {
        "fabrication_method": "Chemical vapor deposition (CVD) + atomic layer deposition (ALD)",
        "critical_dimensions": [
          "Layer thickness: 166164.6 nm minimum"
        ],
        "material_requirements": [
          "High-purity silicon and silica precursors"
        ],
        "tolerance_requirements": "\u00b12% thickness control",
        "expected_challenges": [
          "Interface quality",
          "Stress management",
          "Thickness uniformity",
          "Large-area patterning"
        ]
      }
    },
    {
      "shell_index": 6,
      "radius_inner": 2.5118864315095823e-06,
      "radius_outer": 2.9286445646252375e-06,
      "radius_midpoint": 2.7122725793320297e-06,
      "thickness": 4.167581331156552e-07,
      "material_parameters": {
        "epsilon_radial": 1.0191045169496349,
        "mu_radial": 0.981253624281588,
        "epsilon_angular": 1.0321531792338452,
        "mu_angular": 0.9688484423816704,
        "anisotropy_ratio": 1.012804047148439
      },
      "unit_cell": {
        "type": "layered_dielectric",
        "layer_materials": [
          "silicon",
          "silica"
        ],
        "layer_thicknesses": [
          0.00019373375566657356,
          0.0004676332033331086
        ],
        "num_periods": 1,
        "effective_index": 1.000000000389283,
        "target_epsilon": 1.0191045169496349,
        "target_mu": 0.981253624281588,
        "geometric_scaling": {
          "reference_radius": 2.7122725793320297e-06,
          "wavelength_scale": 0.0027122725793320298,
          "subwavelength_ratio": 0.1
        }
      },
      "fabrication_notes": {
        "fabrication_method": "Chemical vapor deposition (CVD) + atomic layer deposition (ALD)",
        "critical_dimensions": [
          "Layer thickness: 193733.8 nm minimum"
        ],
        "material_requirements": [
          "High-purity silicon and silica precursors"
        ],
        "tolerance_requirements": "\u00b12% thickness control",
        "expected_challenges": [
          "Interface quality",
          "Stress management",
          "Thickness uniformity",
          "Large-area patterning"
        ]
      }
    },
    {
      "shell_index": 7,
      "radius_inner": 2.9286445646252375e-06,
      "radius_outer": 3.414548873833601e-06,
      "radius_midpoint": 3.1622776601683796e-06,
      "thickness": 4.859043092083635e-07,
      "material_parameters": {
        "epsilon_radial": 1.002170949741011,
        "mu_radial": 0.9978337538490757,
        "epsilon_angular": 1.0036222651257214,
        "mu_angular": 0.9963908083234208,
        "anisotropy_ratio": 1.001448171477217
      },
      "unit_cell": {
        "type": "layered_dielectric",
        "layer_materials": [
          "silicon",
          "silica"
        ],
        "layer_thicknesses": [
          0.00022587697572631283,
          0.0005452202862359276
        ],
        "num_periods": 1,
        "effective_index": 1.000000000389283,
        "target_epsilon": 1.002170949741011,
        "target_mu": 0.9978337538490757,
        "geometric_scaling": {
          "reference_radius": 3.1622776601683796e-06,
          "wavelength_scale": 0.00316227766016838,
          "subwavelength_ratio": 0.1
        }
      },
      "fabrication_notes": {
        "fabrication_method": "Chemical vapor deposition (CVD) + atomic layer deposition (ALD)",
        "critical_dimensions": [
          "Layer thickness: 225877.0 nm minimum"
        ],
        "material_requirements": [
          "High-purity silicon and silica precursors"
        ],
        "tolerance_requirements": "\u00b12% thickness control",
        "expected_challenges": [
          "Interface quality",
          "Stress management",
          "Thickness uniformity",
          "Large-area patterning"
        ]
      }
    },
    {
      "shell_index": 8,
      "radius_inner": 3.414548873833601e-06,
      "radius_outer": 3.981071705534969e-06,
      "radius_midpoint": 3.6869450645195736e-06,
      "thickness": 5.665228317013682e-07,
      "material_parameters": {
        "epsilon_radial": 1.0000903074353769,
        "mu_radial": 0.9999097014978156,
        "epsilon_angular": 1.0001505180418166,
        "mu_angular": 0.9998495046104547,
        "anisotropy_ratio": 1.0000602051694654
      },
      "unit_cell": {
        "type": "layered_dielectric",
        "layer_materials": [
          "silicon",
          "silica"
        ],
        "layer_thicknesses": [
          0.0002633532188942553,
          0.0006356801835378576
        ],
        "num_periods": 1,
        "effective_index": 1.000000000389283,
        "target_epsilon": 1.0000903074353769,
        "target_mu": 0.9999097014978156,
        "geometric_scaling": {
          "reference_radius": 3.6869450645195736e-06,
          "wavelength_scale": 0.0036869450645195738,
          "subwavelength_ratio": 0.1
        }
      },
      "fabrication_notes": {
        "fabrication_method": "Chemical vapor deposition (CVD) + atomic layer deposition (ALD)",
        "critical_dimensions": [
          "Layer thickness: 263353.2 nm minimum"
        ],
        "material_requirements": [
          "High-purity silicon and silica precursors"
        ],
        "tolerance_requirements": "\u00b12% thickness control",
        "expected_challenges": [
          "Interface quality",
          "Stress management",
          "Thickness uniformity",
          "Large-area patterning"
        ]
      }
    },
    {
      "shell_index": 9,
      "radius_inner": 3.981071705534969e-06,
      "radius_outer": 4.641588833612782e-06,
      "radius_midpoint": 4.2986623470822765e-06,
      "thickness": 6.605171280778128e-07,
      "material_parameters": {
        "epsilon_radial": 1.0000009297861547,
        "mu_radial": 0.9999990709932752,
        "epsilon_angular": 1.0000015483467146,
        "mu_angular": 0.9999984516556828,
        "anisotropy_ratio": 1.0000006185599848
      },
      "unit_cell": {
        "type": "layered_dielectric",
        "layer_materials": [
          "silicon",
          "silica"
        ],
        "layer_thicknesses": [
          0.0003070473105058769,
          0.000741148680531427
        ],
        "num_periods": 1,
        "effective_index": 1.000000000389283,
        "target_epsilon": 1.0000009297861547,
        "target_mu": 0.9999990709932752,
        "geometric_scaling": {
          "reference_radius": 4.2986623470822765e-06,
          "wavelength_scale": 0.004298662347082276,
          "subwavelength_ratio": 0.1
        }
      },
      "fabrication_notes": {
        "fabrication_method": "Chemical vapor deposition (CVD) + atomic layer deposition (ALD)",
        "critical_dimensions": [
          "Layer thickness: 307047.3 nm minimum"
        ],
        "material_requirements": [
          "High-purity silicon and silica precursors"
        ],
        "tolerance_requirements": "\u00b12% thickness control",
        "expected_challenges": [
          "Interface quality",
          "Stress management",
          "Thickness uniformity",
          "Large-area patterning"
        ]
      }
    },
    {
      "shell_index": 10,
      "radius_inner": 4.641588833612782e-06,
      "radius_outer": 5.411695265464638e-06,
      "radius_midpoint": 5.011872336272725e-06,
      "thickness": 7.701064318518557e-07,
      "material_parameters": {
        "epsilon_radial": 1.0000000021511355,
        "mu_radial": 0.9999999986274308,
        "epsilon_angular": 1.000000002287615,
        "mu_angular": 0.999999997712385,
        "anisotropy_ratio": 1.0000000001364795
      },
      "unit_cell": {
        "type": "layered_dielectric",
        "layer_materials": [
          "silicon",
          "silica"
        ],
        "layer_thicknesses": [
          0.00035799088116233747,
          0.0008641159200470215
        ],
        "num_periods": 1,
        "effective_index": 1.000000000389283,
        "target_epsilon": 1.0000000021511355,
        "target_mu": 0.9999999986274308,
        "geometric_scaling": {
          "reference_radius": 5.011872336272725e-06,
          "wavelength_scale": 0.005011872336272725,
          "subwavelength_ratio": 0.09999999999999999
        }
      },
      "fabrication_notes": {
        "fabrication_method": "Chemical vapor deposition (CVD) + atomic layer deposition (ALD)",
        "critical_dimensions": [
          "Layer thickness: 357990.9 nm minimum"
        ],
        "material_requirements": [
          "High-purity silicon and silica precursors"
        ],
        "tolerance_requirements": "\u00b12% thickness control",
        "expected_challenges": [
          "Interface quality",
          "Stress management",
          "Thickness uniformity",
          "Large-area patterning"
        ]
      }
    },
    {
      "shell_index": 11,
      "radius_inner": 5.411695265464638e-06,
      "radius_outer": 6.30957344480193e-06,
      "radius_midpoint": 5.843414133735175e-06,
      "thickness": 8.97878179337292e-07,
      "material_parameters": {
        "epsilon_radial": 1.0000000007787042,
        "mu_radial": 0.9999999999998621,
        "epsilon_angular": 1.0000000000002298,
        "mu_angular": 0.9999999999997702,
        "anisotropy_ratio": 0.9999999992215256
      },
      "unit_cell": {
        "type": "layered_dielectric",
        "layer_materials": [
          "silicon",
          "silica"
        ],
        "layer_thicknesses": [
          0.0004173867238382268,
          0.0010074851954715819
        ],
        "num_periods": 1,
        "effective_index": 1.000000000389283,
        "target_epsilon": 1.0000000007787042,
        "target_mu": 0.9999999999998621,
        "geometric_scaling": {
          "reference_radius": 5.843414133735175e-06,
          "wavelength_scale": 0.005843414133735175,
          "subwavelength_ratio": 0.09999999999999999
        }
      },
      "fabrication_notes": {
        "fabrication_method": "Chemical vapor deposition (CVD) + atomic layer deposition (ALD)",
        "critical_dimensions": [
          "Layer thickness: 417386.7 nm minimum"
        ],
        "material_requirements": [
          "High-purity silicon and silica precursors"
        ],
        "tolerance_requirements": "\u00b12% thickness control",
        "expected_challenges": [
          "Interface quality",
          "Stress management",
          "Thickness uniformity",
          "Large-area patterning"
        ]
      }
    },
    {
      "shell_index": 12,
      "radius_inner": 6.30957344480193e-06,
      "radius_outer": 7.356422544596421e-06,
      "radius_midpoint": 6.812920690579615e-06,
      "thickness": 1.0468490997944917e-06,
      "material_parameters": {
        "epsilon_radial": 1.0000000007785663,
        "mu_radial": 1.0,
        "epsilon_angular": 1.0,
        "mu_angular": 1.0,
        "anisotropy_ratio": 0.9999999992214337
      },
      "unit_cell": {
        "type": "layered_dielectric",
        "layer_materials": [
          "silicon",
          "silica"
        ],
        "layer_thicknesses": [
          0.00048663719218425825,
          0.0011746414983757959
        ],
        "num_periods": 1,
        "effective_index": 1.000000000389283,
        "target_epsilon": 1.0000000007785663,
        "target_mu": 1.0,
        "geometric_scaling": {
          "reference_radius": 6.812920690579615e-06,
          "wavelength_scale": 0.006812920690579615,
          "subwavelength_ratio": 0.09999999999999999
        }
      },
      "fabrication_notes": {
        "fabrication_method": "Chemical vapor deposition (CVD) + atomic layer deposition (ALD)",
        "critical_dimensions": [
          "Layer thickness: 486637.2 nm minimum"
        ],
        "material_requirements": [
          "High-purity silicon and silica precursors"
        ],
        "tolerance_requirements": "\u00b12% thickness control",
        "expected_challenges": [
          "Interface quality",
          "Stress management",
          "Thickness uniformity",
          "Large-area patterning"
        ]
      }
    },
    {
      "shell_index": 13,
      "radius_inner": 7.356422544596421e-06,
      "radius_outer": 8.576958985908945e-06,
      "radius_midpoint": 7.943282347242822e-06,
      "thickness": 1.2205364413125238e-06,
      "material_parameters": {
        "epsilon_radial": 1.0000000007785663,
        "mu_radial": 1.0,
        "epsilon_angular": 1.0,
        "mu_angular": 1.0,
        "anisotropy_ratio": 0.9999999992214337
      },
      "unit_cell": {
        "type": "layered_dielectric",
        "layer_materials": [
          "silicon",
          "silica"
        ],
        "layer_thicknesses": [
          0.0005673773105173445,
          0.001369531439179797
        ],
        "num_periods": 1,
        "effective_index": 1.000000000389283,
        "target_epsilon": 1.0000000007785663,
        "target_mu": 1.0,
        "geometric_scaling": {
          "reference_radius": 7.943282347242822e-06,
          "wavelength_scale": 0.007943282347242822,
          "subwavelength_ratio": 0.1
        }
      },
      "fabrication_notes": {
        "fabrication_method": "Chemical vapor deposition (CVD) + atomic layer deposition (ALD)",
        "critical_dimensions": [
          "Layer thickness: 567377.3 nm minimum"
        ],
        "material_requirements": [
          "High-purity silicon and silica precursors"
        ],
        "tolerance_requirements": "\u00b12% thickness control",
        "expected_challenges": [
          "Interface quality",
          "Stress management",
          "Thickness uniformity",
          "Large-area patterning"
        ]
      }
    },
    {
      "shell_index": 14,
      "radius_inner": 8.576958985908945e-06,
      "radius_outer": 1e-05,
      "radius_midpoint": 9.261187281287937e-06,
      "thickness": 1.4230410140910557e-06,
      "material_parameters": {
        "epsilon_radial": 1.0000000007785663,
        "mu_radial": 1.0,
        "epsilon_angular": 1.0,
        "mu_angular": 1.0,
        "anisotropy_ratio": 0.9999999992214337
      },
      "unit_cell": {
        "type": "layered_dielectric",
        "layer_materials": [
          "silicon",
          "silica"
        ],
        "layer_thicknesses": [
          0.0006615133772348527,
          0.0015967564278082651
        ],
        "num_periods": 1,
        "effective_index": 1.000000000389283,
        "target_epsilon": 1.0000000007785663,
        "target_mu": 1.0,
        "geometric_scaling": {
          "reference_radius": 9.261187281287937e-06,
          "wavelength_scale": 0.009261187281287938,
          "subwavelength_ratio": 0.09999999999999999
        }
      },
      "fabrication_notes": {
        "fabrication_method": "Chemical vapor deposition (CVD) + atomic layer deposition (ALD)",
        "critical_dimensions": [
          "Layer thickness: 661513.4 nm minimum"
        ],
        "material_requirements": [
          "High-purity silicon and silica precursors"
        ],
        "tolerance_requirements": "\u00b12% thickness control",
        "expected_challenges": [
          "Interface quality",
          "Stress management",
          "Thickness uniformity",
          "Large-area patterning"
        ]
      }
    }
  ]
}