{
  "energy_reduction_measurement": {
    "protocol_id": "ERM_001",
    "description": "Direct measurement of energy reduction in warp field configuration",
    "equipment_required": [
      "High-precision force sensors",
      "Electromagnetic field mappers",
      "Quantum state analyzers",
      "Calibrated reference standards"
    ],
    "measurement_procedure": [
      "Establish baseline energy configuration",
      "Apply optimized warp field parameters",
      "Measure energy difference across multiple platforms",
      "Statistical analysis with uncertainty quantification",
      "Cross-validation with independent measurement systems"
    ],
    "expected_results": {
      "energy_reduction_percent": 82.4,
      "measurement_uncertainty": 0.5,
      "statistical_confidence": 99.9
    },
    "validation_criteria": {
      "minimum_reduction": 80.0,
      "maximum_uncertainty": 1.0,
      "reproducibility_threshold": 95.0
    }
  },
  "field_mode_characterization": {
    "protocol_id": "FMC_002",
    "description": "Complete characterization of field mode eigenfrequencies and profiles",
    "equipment_required": [
      "Vector network analyzer (1 MHz - 1 THz)",
      "Near-field scanning microscope",
      "Quantum sensor array",
      "Frequency synthesis and analysis system"
    ],
    "measurement_procedure": [
      "Map electromagnetic field distributions",
      "Identify eigenmode frequencies using spectral analysis",
      "Measure spatial field profiles with sub-wavelength resolution",
      "Validate against theoretical predictions",
      "Document mode coupling and interaction effects"
    ],
    "expected_results": {
      "mode_count": 60,
      "frequency_range_hz": [
        1.44e+35,
        6.37e+35
      ],
      "spatial_resolution_nm": 10
    }
  },
  "metamaterial_validation": {
    "protocol_id": "MMV_003",
    "description": "Validation of metamaterial effective medium parameters",
    "equipment_required": [
      "THz time-domain spectroscopy system",
      "Ellipsometry measurement setup",
      "X-ray diffraction system",
      "Scanning electron microscope"
    ],
    "measurement_procedure": [
      "Fabricate metamaterial test structures",
      "Characterize effective permittivity and permeability",
      "Validate structural dimensions and quality",
      "Measure transmission and reflection coefficients",
      "Compare with theoretical effective medium model"
    ],
    "expected_results": {
      "shell_count": 15,
      "dimensional_accuracy_nm": 10,
      "effective_parameter_accuracy": 0.02
    }
  }
}