{
  "metamaterial_fabrication": {
    "fabrication_method": "electron_beam_lithography",
    "material_system": "silicon_photonic_crystals",
    "structure_dimensions": {
      "shell_count": 15,
      "radius_range_um": [
        1,
        10
      ],
      "feature_size_nm": 100,
      "aspect_ratio": 3.0
    },
    "characterization_methods": [
      "THz_time_domain_spectroscopy",
      "near_field_scanning",
      "electromagnetic_field_mapping"
    ],
    "validation_targets": [
      "effective_permittivity_profile",
      "effective_permeability_profile",
      "field_enhancement_factors"
    ]
  },
  "bec_analogue_system": {
    "atomic_species": "rubidium_87",
    "cooling_methods": [
      "laser_cooling",
      "evaporative_cooling"
    ],
    "trap_configuration": "optical_dipole_trap",
    "acoustic_field_generation": "piezoelectric_transducers",
    "measurement_techniques": [
      "absorption_imaging",
      "phonon_spectroscopy",
      "correlation_function_analysis"
    ],
    "validation_targets": [
      "acoustic_metric_parameters",
      "analogue_horizon_properties",
      "phonon_dispersion_relation"
    ]
  },
  "quantum_sensor_array": {
    "sensor_type": "nitrogen_vacancy_centers",
    "detection_method": "optically_detected_magnetic_resonance",
    "spatial_resolution_nm": 10,
    "frequency_range_ghz": [
      1,
      100
    ],
    "measurement_protocols": [
      "rabi_oscillations",
      "ramsey_interferometry",
      "spin_echo_sequences"
    ],
    "validation_targets": [
      "field_mode_eigenfrequencies",
      "spatial_field_profiles",
      "quantum_coherence_properties"
    ]
  }
}