{
  "metadata": {
    "design_name": "warp_bubble_metamaterial",
    "source_geometry": "optimized_warp_bubble_v3",
    "throat_radius": 4.2499999999999997e-36,
    "total_shells": 25,
    "radial_range": [
      4.2499999999999997e-36,
      4.2499999999999995e-35
    ],
    "design_date": "2025-05-31",
    "target_application": "quantum_field_analog_gravity"
  },
  "mode_spectrum_summary": {
    "total_modes": 20,
    "frequency_range": [
      0,
      0
    ],
    "angular_momentum_channels": [
      0
    ]
  },
  "validation_results": {
    "physical_realizability": true,
    "fabrication_feasibility": false,
    "warnings": [
      "Sub-nanometer shell thickness: 4.10e-37 m"
    ],
    "recommendations": [
      "Increase number of shells or adjust radial range"
    ]
  },
  "metamaterial_shells": [
    {
      "shell_index": 0,
      "radius_inner": 4.250000000000018e-36,
      "radius_outer": 4.660032333608547e-36,
      "radius_midpoint": 4.450296329216337e-36,
      "thickness": 4.100323336085293e-37,
      "material_parameters": {
        "epsilon_radial": 1.6314834673301681,
        "mu_radial": 0.6129390950166625,
        "epsilon_angular": 2.444963537063695,
        "mu_angular": 0.4090040545966427,
        "anisotropy_ratio": 1.4986137377565594
      },
      "unit_cell": {
        "type": "layered_dielectric",
        "layer_materials": [
          "silicon",
          "silica"
        ],
        "layer_thicknesses": [
          3.1787830922973836e-34,
          7.67292470554541e-34
        ],
        "num_periods": 1,
        "effective_index": 1.0,
        "target_epsilon": 1.6314834673301681,
        "target_mu": 0.6129390950166625,
        "geometric_scaling": {
          "reference_radius": 4.450296329216337e-36,
          "wavelength_scale": 4.4502963292163373e-33,
          "subwavelength_ratio": 0.09999999999999999
        }
      },
      "fabrication_notes": {
        "fabrication_method": "Chemical vapor deposition (CVD) + atomic layer deposition (ALD) (requires atomic-scale precision)",
        "critical_dimensions": [
          "Layer thickness: 0.0 nm minimum"
        ],
        "material_requirements": [
          "High-purity silicon and silica precursors"
        ],
        "tolerance_requirements": "\u00b12% thickness control",
        "expected_challenges": [
          "Interface quality",
          "Stress management",
          "Thickness uniformity",
          "Extreme miniaturization required"
        ]
      }
    },
    {
      "shell_index": 1,
      "radius_inner": 4.660032333608547e-36,
      "radius_outer": 5.1096238471240065e-36,
      "radius_midpoint": 4.879652891361758e-36,
      "thickness": 4.495915135154595e-37,
      "material_parameters": {
        "epsilon_radial": 1.618211302982459,
        "mu_radial": 0.617966268160988,
        "epsilon_angular": 2.405419402138196,
        "mu_angular": 0.41572791801342096,
        "anisotropy_ratio": 1.4864680513013757
      },
      "unit_cell": {
        "type": "layered_dielectric",
        "layer_materials": [
          "silicon",
          "silica"
        ],
        "layer_thicknesses": [
          3.4854663509726843e-34,
          8.413194640278894e-34
        ],
        "num_periods": 1,
        "effective_index": 1.0,
        "target_epsilon": 1.618211302982459,
        "target_mu": 0.617966268160988,
        "geometric_scaling": {
          "reference_radius": 4.879652891361758e-36,
          "wavelength_scale": 4.879652891361758e-33,
          "subwavelength_ratio": 0.09999999999999999
        }
      },
      "fabrication_notes": {
        "fabrication_method": "Chemical vapor deposition (CVD) + atomic layer deposition (ALD) (requires atomic-scale precision)",
        "critical_dimensions": [
          "Layer thickness: 0.0 nm minimum"
        ],
        "material_requirements": [
          "High-purity silicon and silica precursors"
        ],
        "tolerance_requirements": "\u00b12% thickness control",
        "expected_challenges": [
          "Interface quality",
          "Stress management",
          "Thickness uniformity",
          "Extreme miniaturization required"
        ]
      }
    },
    {
      "shell_index": 2,
      "radius_inner": 5.1096238471240065e-36,
      "radius_outer": 5.602591138864721e-36,
      "radius_midpoint": 5.350433000125207e-36,
      "thickness": 4.9296729174071425e-37,
      "material_parameters": {
        "epsilon_radial": 1.5887879981458057,
        "mu_radial": 0.6294105954772125,
        "epsilon_angular": 2.319322600108484,
        "mu_angular": 0.43116037413390707,
        "anisotropy_ratio": 1.4598062188380376
      },
      "unit_cell": {
        "type": "layered_dielectric",
        "layer_materials": [
          "silicon",
          "silica"
        ],
        "layer_thicknesses": [
          3.8217378572322907e-34,
          9.224884482974496e-34
        ],
        "num_periods": 1,
        "effective_index": 0.9999999999999999,
        "target_epsilon": 1.5887879981458057,
        "target_mu": 0.6294105954772125,
        "geometric_scaling": {
          "reference_radius": 5.350433000125207e-36,
          "wavelength_scale": 5.350433000125207e-33,
          "subwavelength_ratio": 0.1
        }
      },
      "fabrication_notes": {
        "fabrication_method": "Chemical vapor deposition (CVD) + atomic layer deposition (ALD) (requires atomic-scale precision)",
        "critical_dimensions": [
          "Layer thickness: 0.0 nm minimum"
        ],
        "material_requirements": [
          "High-purity silicon and silica precursors"
        ],
        "tolerance_requirements": "\u00b12% thickness control",
        "expected_challenges": [
          "Interface quality",
          "Stress management",
          "Thickness uniformity",
          "Extreme miniaturization required"
        ]
      }
    },
    {
      "shell_index": 3,
      "radius_inner": 5.602591138864721e-36,
      "radius_outer": 6.14311902567017e-36,
      "radius_midpoint": 5.866633124562245e-36,
      "thickness": 5.405278868054491e-37,
      "material_parameters": {
        "epsilon_radial": 1.5409982311130153,
        "mu_radial": 0.6489300116053547,
        "epsilon_angular": 2.1840165868982995,
        "mu_angular": 0.45787198045971883,
        "anisotropy_ratio": 1.4172739090822006
      },
      "unit_cell": {
        "type": "layered_dielectric",
        "layer_materials": [
          "silicon",
          "silica"
        ],
        "layer_thicknesses": [
          4.190452231830175e-34,
          1.0114884697521112e-33
        ],
        "num_periods": 1,
        "effective_index": 1.0,
        "target_epsilon": 1.5409982311130153,
        "target_mu": 0.6489300116053547,
        "geometric_scaling": {
          "reference_radius": 5.866633124562245e-36,
          "wavelength_scale": 5.866633124562245e-33,
          "subwavelength_ratio": 0.1
        }
      },
      "fabrication_notes": {
        "fabrication_method": "Chemical vapor deposition (CVD) + atomic layer deposition (ALD) (requires atomic-scale precision)",
        "critical_dimensions": [
          "Layer thickness: 0.0 nm minimum"
        ],
        "material_requirements": [
          "High-purity silicon and silica precursors"
        ],
        "tolerance_requirements": "\u00b12% thickness control",
        "expected_challenges": [
          "Interface quality",
          "Stress management",
          "Thickness uniformity",
          "Extreme miniaturization required"
        ]
      }
    },
    {
      "shell_index": 4,
      "radius_inner": 6.14311902567017e-36,
      "radius_outer": 6.735796067959805e-36,
      "radius_midpoint": 6.432635305853907e-36,
      "thickness": 5.9267704228963496e-37,
      "material_parameters": {
        "epsilon_radial": 1.4743909890495692,
        "mu_radial": 0.6782461419169592,
        "epsilon_angular": 2.004547183321759,
        "mu_angular": 0.49886578291606387,
        "anisotropy_ratio": 1.3595763933784908
      },
      "unit_cell": {
        "type": "layered_dielectric",
        "layer_materials": [
          "silicon",
          "silica"
        ],
        "layer_thicknesses": [
          4.594739504181362e-34,
          1.1090750527334323e-33
        ],
        "num_periods": 1,
        "effective_index": 1.0,
        "target_epsilon": 1.4743909890495692,
        "target_mu": 0.6782461419169592,
        "geometric_scaling": {
          "reference_radius": 6.432635305853907e-36,
          "wavelength_scale": 6.432635305853907e-33,
          "subwavelength_ratio": 0.09999999999999999
        }
      },
      "fabrication_notes": {
        "fabrication_method": "Chemical vapor deposition (CVD) + atomic layer deposition (ALD) (requires atomic-scale precision)",
        "critical_dimensions": [
          "Layer thickness: 0.0 nm minimum"
        ],
        "material_requirements": [
          "High-purity silicon and silica precursors"
        ],
        "tolerance_requirements": "\u00b12% thickness control",
        "expected_challenges": [
          "Interface quality",
          "Stress management",
          "Thickness uniformity",
          "Extreme miniaturization required"
        ]
      }
    },
    {
      "shell_index": 5,
      "radius_inner": 6.735796067959805e-36,
      "radius_outer": 7.385653522184911e-36,
      "radius_midpoint": 7.053244356609701e-36,
      "thickness": 6.498574542251066e-37,
      "material_parameters": {
        "epsilon_radial": 1.3914344536885728,
        "mu_radial": 0.7186827933928804,
        "epsilon_angular": 1.7953172323094744,
        "mu_angular": 0.5570046240316048,
        "anisotropy_ratio": 1.2902636035425479
      },
      "unit_cell": {
        "type": "layered_dielectric",
        "layer_materials": [
          "silicon",
          "silica"
        ],
        "layer_thicknesses": [
          5.038031683292644e-34,
          1.2160766132085694e-33
        ],
        "num_periods": 1,
        "effective_index": 1.0,
        "target_epsilon": 1.3914344536885728,
        "target_mu": 0.7186827933928804,
        "geometric_scaling": {
          "reference_radius": 7.053244356609701e-36,
          "wavelength_scale": 7.053244356609702e-33,
          "subwavelength_ratio": 0.1
        }
      },
      "fabrication_notes": {
        "fabrication_method": "Chemical vapor deposition (CVD) + atomic layer deposition (ALD) (requires atomic-scale precision)",
        "critical_dimensions": [
          "Layer thickness: 0.0 nm minimum"
        ],
        "material_requirements": [
          "High-purity silicon and silica precursors"
        ],
        "tolerance_requirements": "\u00b12% thickness control",
        "expected_challenges": [
          "Interface quality",
          "Stress management",
          "Thickness uniformity",
          "Extreme miniaturization required"
        ]
      }
    },
    {
      "shell_index": 6,
      "radius_inner": 7.385653522184911e-36,
      "radius_outer": 8.098208051343856e-36,
      "radius_midpoint": 7.73372864909249e-36,
      "thickness": 7.125545291589443e-37,
      "material_parameters": {
        "epsilon_radial": 1.2984485080923276,
        "mu_radial": 0.770149908731609,
        "epsilon_angular": 1.578757159590867,
        "mu_angular": 0.6334096374005669,
        "anisotropy_ratio": 1.2158796823682805
      },
      "unit_cell": {
        "type": "layered_dielectric",
        "layer_materials": [
          "silicon",
          "silica"
        ],
        "layer_thicknesses": [
          5.524091892208921e-34,
          1.3334014912228431e-33
        ],
        "num_periods": 1,
        "effective_index": 1.0,
        "target_epsilon": 1.2984485080923276,
        "target_mu": 0.770149908731609,
        "geometric_scaling": {
          "reference_radius": 7.73372864909249e-36,
          "wavelength_scale": 7.73372864909249e-33,
          "subwavelength_ratio": 0.09999999999999999
        }
      },
      "fabrication_notes": {
        "fabrication_method": "Chemical vapor deposition (CVD) + atomic layer deposition (ALD) (requires atomic-scale precision)",
        "critical_dimensions": [
          "Layer thickness: 0.0 nm minimum"
        ],
        "material_requirements": [
          "High-purity silicon and silica precursors"
        ],
        "tolerance_requirements": "\u00b12% thickness control",
        "expected_challenges": [
          "Interface quality",
          "Stress management",
          "Thickness uniformity",
          "Extreme miniaturization required"
        ]
      }
    },
    {
      "shell_index": 7,
      "radius_inner": 8.098208051343856e-36,
      "radius_outer": 8.879508556129711e-36,
      "radius_midpoint": 8.479864838617788e-36,
      "thickness": 7.813005047858552e-37,
      "material_parameters": {
        "epsilon_radial": 1.2054945854230872,
        "mu_radial": 0.8295350407144585,
        "epsilon_angular": 1.3802372111076506,
        "mu_angular": 0.724513143068714,
        "anisotropy_ratio": 1.1449551311117958
      },
      "unit_cell": {
        "type": "layered_dielectric",
        "layer_materials": [
          "silicon",
          "silica"
        ],
        "layer_thicknesses": [
          6.05704631329842e-34,
          1.4620456618306532e-33
        ],
        "num_periods": 1,
        "effective_index": 0.9999999999999999,
        "target_epsilon": 1.2054945854230872,
        "target_mu": 0.8295350407144585,
        "geometric_scaling": {
          "reference_radius": 8.479864838617788e-36,
          "wavelength_scale": 8.479864838617788e-33,
          "subwavelength_ratio": 0.1
        }
      },
      "fabrication_notes": {
        "fabrication_method": "Chemical vapor deposition (CVD) + atomic layer deposition (ALD) (requires atomic-scale precision)",
        "critical_dimensions": [
          "Layer thickness: 0.0 nm minimum"
        ],
        "material_requirements": [
          "High-purity silicon and silica precursors"
        ],
        "tolerance_requirements": "\u00b12% thickness control",
        "expected_challenges": [
          "Interface quality",
          "Stress management",
          "Thickness uniformity",
          "Extreme miniaturization required"
        ]
      }
    },
    {
      "shell_index": 8,
      "radius_inner": 8.879508556129711e-36,
      "radius_outer": 9.736187524263064e-36,
      "radius_midpoint": 9.297986901785635e-36,
      "thickness": 8.56678968133353e-37,
      "material_parameters": {
        "epsilon_radial": 1.1242514164684558,
        "mu_radial": 0.8894807561294792,
        "epsilon_angular": 1.2206270505188215,
        "mu_angular": 0.8192510559019276,
        "anisotropy_ratio": 1.0857242718475772
      },
      "unit_cell": {
        "type": "layered_dielectric",
        "layer_materials": [
          "silicon",
          "silica"
        ],
        "layer_thicknesses": [
          6.641419215561168e-34,
          1.6031011899630405e-33
        ],
        "num_periods": 1,
        "effective_index": 1.0,
        "target_epsilon": 1.1242514164684558,
        "target_mu": 0.8894807561294792,
        "geometric_scaling": {
          "reference_radius": 9.297986901785635e-36,
          "wavelength_scale": 9.297986901785634e-33,
          "subwavelength_ratio": 0.1
        }
      },
      "fabrication_notes": {
        "fabrication_method": "Chemical vapor deposition (CVD) + atomic layer deposition (ALD) (requires atomic-scale precision)",
        "critical_dimensions": [
          "Layer thickness: 0.0 nm minimum"
        ],
        "material_requirements": [
          "High-purity silicon and silica precursors"
        ],
        "tolerance_requirements": "\u00b12% thickness control",
        "expected_challenges": [
          "Interface quality",
          "Stress management",
          "Thickness uniformity",
          "Extreme miniaturization required"
        ]
      }
    },
    {
      "shell_index": 9,
      "radius_inner": 9.736187524263064e-36,
      "radius_outer": 1.0675517333915726e-35,
      "radius_midpoint": 1.0195039905832855e-35,
      "thickness": 9.393298096526626e-37,
      "material_parameters": {
        "epsilon_radial": 1.0638462994041447,
        "mu_radial": 0.9399854100729546,
        "epsilon_angular": 1.1099356586452105,
        "mu_angular": 0.9009531248150022,
        "anisotropy_ratio": 1.043323325246213
      },
      "unit_cell": {
        "type": "layered_dielectric",
        "layer_materials": [
          "silicon",
          "silica"
        ],
        "layer_thicknesses": [
          7.282171361309182e-34,
          1.7577655010056648e-33
        ],
        "num_periods": 1,
        "effective_index": 1.0,
        "target_epsilon": 1.0638462994041447,
        "target_mu": 0.9399854100729546,
        "geometric_scaling": {
          "reference_radius": 1.0195039905832855e-35,
          "wavelength_scale": 1.0195039905832855e-32,
          "subwavelength_ratio": 0.1
        }
      },
      "fabrication_notes": {
        "fabrication_method": "Chemical vapor deposition (CVD) + atomic layer deposition (ALD)",
        "critical_dimensions": [
          "Layer thickness: 0.0 nm minimum"
        ],
        "material_requirements": [
          "High-purity silicon and silica precursors"
        ],
        "tolerance_requirements": "\u00b12% thickness control",
        "expected_challenges": [
          "Interface quality",
          "Stress management",
          "Thickness uniformity"
        ]
      }
    },
    {
      "shell_index": 10,
      "radius_inner": 1.0675517333915726e-35,
      "radius_outer": 1.1705471989187196e-35,
      "radius_midpoint": 1.1178638965555373e-35,
      "thickness": 1.0299546552714692e-36,
      "material_parameters": {
        "epsilon_radial": 1.0268537839799983,
        "mu_radial": 0.9738484832028225,
        "epsilon_angular": 1.04537451111336,
        "mu_angular": 0.9565949708635667,
        "anisotropy_ratio": 1.0180363820266378
      },
      "unit_cell": {
        "type": "layered_dielectric",
        "layer_materials": [
          "silicon",
          "silica"
        ],
        "layer_thicknesses": [
          7.984742118253837e-34,
          1.927351545785409e-33
        ],
        "num_periods": 1,
        "effective_index": 1.0,
        "target_epsilon": 1.0268537839799983,
        "target_mu": 0.9738484832028225,
        "geometric_scaling": {
          "reference_radius": 1.1178638965555373e-35,
          "wavelength_scale": 1.1178638965555373e-32,
          "subwavelength_ratio": 0.09999999999999999
        }
      },
      "fabrication_notes": {
        "fabrication_method": "Chemical vapor deposition (CVD) + atomic layer deposition (ALD)",
        "critical_dimensions": [
          "Layer thickness: 0.0 nm minimum"
        ],
        "material_requirements": [
          "High-purity silicon and silica precursors"
        ],
        "tolerance_requirements": "\u00b12% thickness control",
        "expected_challenges": [
          "Interface quality",
          "Stress management",
          "Thickness uniformity"
        ]
      }
    },
    {
      "shell_index": 11,
      "radius_inner": 1.1705471989187196e-35,
      "radius_outer": 1.283479481170853e-35,
      "radius_midpoint": 1.225713388828805e-35,
      "thickness": 1.129322822521335e-36,
      "material_parameters": {
        "epsilon_radial": 1.0088520318330023,
        "mu_radial": 0.9912256390890951,
        "epsilon_angular": 1.014820276149061,
        "mu_angular": 0.9853961568394164,
        "anisotropy_ratio": 1.0059158767864251
      },
      "unit_cell": {
        "type": "layered_dielectric",
        "layer_materials": [
          "silicon",
          "silica"
        ],
        "layer_thicknesses": [
          8.755095634491464e-34,
          2.1132989462565605e-33
        ],
        "num_periods": 1,
        "effective_index": 0.9999999999999999,
        "target_epsilon": 1.0088520318330023,
        "target_mu": 0.9912256390890951,
        "geometric_scaling": {
          "reference_radius": 1.225713388828805e-35,
          "wavelength_scale": 1.225713388828805e-32,
          "subwavelength_ratio": 0.1
        }
      },
      "fabrication_notes": {
        "fabrication_method": "Chemical vapor deposition (CVD) + atomic layer deposition (ALD)",
        "critical_dimensions": [
          "Layer thickness: 0.0 nm minimum"
        ],
        "material_requirements": [
          "High-purity silicon and silica precursors"
        ],
        "tolerance_requirements": "\u00b12% thickness control",
        "expected_challenges": [
          "Interface quality",
          "Stress management",
          "Thickness uniformity"
        ]
      }
    },
    {
      "shell_index": 12,
      "radius_inner": 1.283479481170853e-35,
      "radius_outer": 1.4073072663010282e-35,
      "radius_midpoint": 1.3439680055715668e-35,
      "thickness": 1.2382778513017511e-36,
      "material_parameters": {
        "epsilon_radial": 1.002170948960754,
        "mu_radial": 0.9978337538490761,
        "epsilon_angular": 1.003622265125721,
        "mu_angular": 0.9963908083234212,
        "anisotropy_ratio": 1.0014481722569109
      },
      "unit_cell": {
        "type": "layered_dielectric",
        "layer_materials": [
          "silicon",
          "silica"
        ],
        "layer_thicknesses": [
          9.599771468368333e-34,
          2.3171862165027013e-33
        ],
        "num_periods": 1,
        "effective_index": 1.0,
        "target_epsilon": 1.002170948960754,
        "target_mu": 0.9978337538490761,
        "geometric_scaling": {
          "reference_radius": 1.3439680055715668e-35,
          "wavelength_scale": 1.3439680055715667e-32,
          "subwavelength_ratio": 0.09999999999999999
        }
      },
      "fabrication_notes": {
        "fabrication_method": "Chemical vapor deposition (CVD) + atomic layer deposition (ALD)",
        "critical_dimensions": [
          "Layer thickness: 0.0 nm minimum"
        ],
        "material_requirements": [
          "High-purity silicon and silica precursors"
        ],
        "tolerance_requirements": "\u00b12% thickness control",
        "expected_challenges": [
          "Interface quality",
          "Stress management",
          "Thickness uniformity"
        ]
      }
    },
    {
      "shell_index": 13,
      "radius_inner": 1.4073072663010282e-35,
      "radius_outer": 1.5430817327729453e-35,
      "radius_midpoint": 1.473631614423275e-35,
      "thickness": 1.3577446647191717e-36,
      "material_parameters": {
        "epsilon_radial": 1.0003716085782923,
        "mu_radial": 0.9996285294633457,
        "epsilon_angular": 1.0006194652755578,
        "mu_angular": 0.9993809182241051,
        "anisotropy_ratio": 1.000247764625805
      },
      "unit_cell": {
        "type": "layered_dielectric",
        "layer_materials": [
          "silicon",
          "silica"
        ],
        "layer_thicknesses": [
          1.0525940103023392e-33,
          2.5407441627987498e-33
        ],
        "num_periods": 1,
        "effective_index": 1.0,
        "target_epsilon": 1.0003716085782923,
        "target_mu": 0.9996285294633457,
        "geometric_scaling": {
          "reference_radius": 1.473631614423275e-35,
          "wavelength_scale": 1.4736316144232748e-32,
          "subwavelength_ratio": 0.1
        }
      },
      "fabrication_notes": {
        "fabrication_method": "Chemical vapor deposition (CVD) + atomic layer deposition (ALD)",
        "critical_dimensions": [
          "Layer thickness: 0.0 nm minimum"
        ],
        "material_requirements": [
          "High-purity silicon and silica precursors"
        ],
        "tolerance_requirements": "\u00b12% thickness control",
        "expected_challenges": [
          "Interface quality",
          "Stress management",
          "Thickness uniformity"
        ]
      }
    },
    {
      "shell_index": 14,
      "radius_inner": 1.5430817327729453e-35,
      "radius_outer": 1.691955474852376e-35,
      "radius_midpoint": 1.6158049343623989e-35,
      "thickness": 1.4887374207943063e-36,
      "material_parameters": {
        "epsilon_radial": 1.0000410403142967,
        "mu_radial": 0.9999589613699414,
        "epsilon_angular": 1.0000684019586223,
        "mu_angular": 0.9999316027198856,
        "anisotropy_ratio": 1.0000273605214411
      },
      "unit_cell": {
        "type": "layered_dielectric",
        "layer_materials": [
          "silicon",
          "silica"
        ],
        "layer_thicknesses": [
          1.1541463816874277e-33,
          2.7858705764868947e-33
        ],
        "num_periods": 1,
        "effective_index": 0.9999999999999999,
        "target_epsilon": 1.0000410403142967,
        "target_mu": 0.9999589613699414,
        "geometric_scaling": {
          "reference_radius": 1.6158049343623989e-35,
          "wavelength_scale": 1.6158049343623988e-32,
          "subwavelength_ratio": 0.1
        }
      },
      "fabrication_notes": {
        "fabrication_method": "Chemical vapor deposition (CVD) + atomic layer deposition (ALD)",
        "critical_dimensions": [
          "Layer thickness: 0.0 nm minimum"
        ],
        "material_requirements": [
          "High-purity silicon and silica precursors"
        ],
        "tolerance_requirements": "\u00b12% thickness control",
        "expected_challenges": [
          "Interface quality",
          "Stress management",
          "Thickness uniformity"
        ]
      }
    },
    {
      "shell_index": 15,
      "radius_inner": 1.691955474852376e-35,
      "radius_outer": 1.8551922870207156e-35,
      "radius_midpoint": 1.7716948797489372e-35,
      "thickness": 1.6323681216833966e-36,
      "material_parameters": {
        "epsilon_radial": 1.000002656612925,
        "mu_radial": 0.9999973433941326,
        "epsilon_angular": 1.0000044276942202,
        "mu_angular": 0.9999955723253843,
        "anisotropy_ratio": 1.00000177107659
      },
      "unit_cell": {
        "type": "layered_dielectric",
        "layer_materials": [
          "silicon",
          "silica"
        ],
        "layer_thicknesses": [
          1.2654963426778123e-33,
          3.0546463443947194e-33
        ],
        "num_periods": 1,
        "effective_index": 1.0,
        "target_epsilon": 1.000002656612925,
        "target_mu": 0.9999973433941326,
        "geometric_scaling": {
          "reference_radius": 1.7716948797489372e-35,
          "wavelength_scale": 1.7716948797489372e-32,
          "subwavelength_ratio": 0.1
        }
      },
      "fabrication_notes": {
        "fabrication_method": "Chemical vapor deposition (CVD) + atomic layer deposition (ALD)",
        "critical_dimensions": [
          "Layer thickness: 0.0 nm minimum"
        ],
        "material_requirements": [
          "High-purity silicon and silica precursors"
        ],
        "tolerance_requirements": "\u00b12% thickness control",
        "expected_challenges": [
          "Interface quality",
          "Stress management",
          "Thickness uniformity"
        ]
      }
    },
    {
      "shell_index": 16,
      "radius_inner": 1.8551922870207156e-35,
      "radius_outer": 2.0341778923712203e-35,
      "radius_midpoint": 1.9426248058632277e-35,
      "thickness": 1.7898560535050467e-36,
      "material_parameters": {
        "epsilon_radial": 1.0000000897104127,
        "mu_radial": 0.9999999102895955,
        "epsilon_angular": 1.000000149517361,
        "mu_angular": 0.9999998504826614,
        "anisotropy_ratio": 1.000000059806943
      },
      "unit_cell": {
        "type": "layered_dielectric",
        "layer_materials": [
          "silicon",
          "silica"
        ],
        "layer_thicknesses": [
          1.3875891470451627e-33,
          3.3493531135572894e-33
        ],
        "num_periods": 1,
        "effective_index": 1.0,
        "target_epsilon": 1.0000000897104127,
        "target_mu": 0.9999999102895955,
        "geometric_scaling": {
          "reference_radius": 1.9426248058632277e-35,
          "wavelength_scale": 1.9426248058632278e-32,
          "subwavelength_ratio": 0.1
        }
      },
      "fabrication_notes": {
        "fabrication_method": "Chemical vapor deposition (CVD) + atomic layer deposition (ALD)",
        "critical_dimensions": [
          "Layer thickness: 0.0 nm minimum"
        ],
        "material_requirements": [
          "High-purity silicon and silica precursors"
        ],
        "tolerance_requirements": "\u00b12% thickness control",
        "expected_challenges": [
          "Interface quality",
          "Stress management",
          "Thickness uniformity"
        ]
      }
    },
    {
      "shell_index": 17,
      "radius_inner": 2.0341778923712203e-35,
      "radius_outer": 2.230431706061537e-35,
      "radius_midpoint": 2.130045742915913e-35,
      "thickness": 1.9625381369031684e-36,
      "material_parameters": {
        "epsilon_radial": 1.0000000013725692,
        "mu_radial": 0.9999999986274308,
        "epsilon_angular": 1.000000002287615,
        "mu_angular": 0.999999997712385,
        "anisotropy_ratio": 1.0000000009150458
      },
      "unit_cell": {
        "type": "layered_dielectric",
        "layer_materials": [
          "silicon",
          "silica"
        ],
        "layer_thicknesses": [
          1.5214612449399376e-33,
          3.67249266019985e-33
        ],
        "num_periods": 1,
        "effective_index": 1.0,
        "target_epsilon": 1.0000000013725692,
        "target_mu": 0.9999999986274308,
        "geometric_scaling": {
          "reference_radius": 2.130045742915913e-35,
          "wavelength_scale": 2.1300457429159128e-32,
          "subwavelength_ratio": 0.1
        }
      },
      "fabrication_notes": {
        "fabrication_method": "Chemical vapor deposition (CVD) + atomic layer deposition (ALD)",
        "critical_dimensions": [
          "Layer thickness: 0.0 nm minimum"
        ],
        "material_requirements": [
          "High-purity silicon and silica precursors"
        ],
        "tolerance_requirements": "\u00b12% thickness control",
        "expected_challenges": [
          "Interface quality",
          "Stress management",
          "Thickness uniformity"
        ]
      }
    },
    {
      "shell_index": 18,
      "radius_inner": 2.230431706061537e-35,
      "radius_outer": 2.445619733682916e-35,
      "radius_midpoint": 2.3355487138949059e-35,
      "thickness": 2.1518802762137884e-36,
      "material_parameters": {
        "epsilon_radial": 1.0000000000080242,
        "mu_radial": 0.9999999999919758,
        "epsilon_angular": 1.0000000000133737,
        "mu_angular": 0.9999999999866263,
        "anisotropy_ratio": 1.0000000000053495
      },
      "unit_cell": {
        "type": "layered_dielectric",
        "layer_materials": [
          "silicon",
          "silica"
        ],
        "layer_thicknesses": [
          1.668249081353504e-33,
          4.0268081274050105e-33
        ],
        "num_periods": 1,
        "effective_index": 1.0,
        "target_epsilon": 1.0000000000080242,
        "target_mu": 0.9999999999919758,
        "geometric_scaling": {
          "reference_radius": 2.3355487138949059e-35,
          "wavelength_scale": 2.335548713894906e-32,
          "subwavelength_ratio": 0.09999999999999999
        }
      },
      "fabrication_notes": {
        "fabrication_method": "Chemical vapor deposition (CVD) + atomic layer deposition (ALD)",
        "critical_dimensions": [
          "Layer thickness: 0.0 nm minimum"
        ],
        "material_requirements": [
          "High-purity silicon and silica precursors"
        ],
        "tolerance_requirements": "\u00b12% thickness control",
        "expected_challenges": [
          "Interface quality",
          "Stress management",
          "Thickness uniformity"
        ]
      }
    },
    {
      "shell_index": 19,
      "radius_inner": 2.445619733682916e-35,
      "radius_outer": 2.681568714040815e-35,
      "radius_midpoint": 2.5608782408160166e-35,
      "thickness": 2.359489803578991e-36,
      "material_parameters": {
        "epsilon_radial": 1.0000000000000147,
        "mu_radial": 0.9999999999999853,
        "epsilon_angular": 1.0000000000000244,
        "mu_angular": 0.9999999999999756,
        "anisotropy_ratio": 1.0000000000000098
      },
      "unit_cell": {
        "type": "layered_dielectric",
        "layer_materials": [
          "silicon",
          "silica"
        ],
        "layer_thicknesses": [
          1.8291987434400118e-33,
          4.415307311751753e-33
        ],
        "num_periods": 1,
        "effective_index": 1.0,
        "target_epsilon": 1.0000000000000147,
        "target_mu": 0.9999999999999853,
        "geometric_scaling": {
          "reference_radius": 2.5608782408160166e-35,
          "wavelength_scale": 2.5608782408160165e-32,
          "subwavelength_ratio": 0.1
        }
      },
      "fabrication_notes": {
        "fabrication_method": "Chemical vapor deposition (CVD) + atomic layer deposition (ALD)",
        "critical_dimensions": [
          "Layer thickness: 0.0 nm minimum"
        ],
        "material_requirements": [
          "High-purity silicon and silica precursors"
        ],
        "tolerance_requirements": "\u00b12% thickness control",
        "expected_challenges": [
          "Interface quality",
          "Stress management",
          "Thickness uniformity"
        ]
      }
    },
    {
      "shell_index": 20,
      "radius_inner": 2.681568714040815e-35,
      "radius_outer": 2.9402816264055156e-35,
      "radius_midpoint": 2.807947154032297e-35,
      "thickness": 2.5871291236470055e-36,
      "material_parameters": {
        "epsilon_radial": 1.0,
        "mu_radial": 1.0,
        "epsilon_angular": 1.0,
        "mu_angular": 1.0,
        "anisotropy_ratio": 1.0
      },
      "unit_cell": {
        "type": "layered_dielectric",
        "layer_materials": [
          "silicon",
          "silica"
        ],
        "layer_thicknesses": [
          2.0056765385944975e-33,
          4.841288196607408e-33
        ],
        "num_periods": 1,
        "effective_index": 1.0,
        "target_epsilon": 1.0,
        "target_mu": 1.0,
        "geometric_scaling": {
          "reference_radius": 2.807947154032297e-35,
          "wavelength_scale": 2.8079471540322965e-32,
          "subwavelength_ratio": 0.1
        }
      },
      "fabrication_notes": {
        "fabrication_method": "Chemical vapor deposition (CVD) + atomic layer deposition (ALD)",
        "critical_dimensions": [
          "Layer thickness: 0.0 nm minimum"
        ],
        "material_requirements": [
          "High-purity silicon and silica precursors"
        ],
        "tolerance_requirements": "\u00b12% thickness control",
        "expected_challenges": [
          "Interface quality",
          "Stress management",
          "Thickness uniformity"
        ]
      }
    },
    {
      "shell_index": 21,
      "radius_inner": 2.9402816264055156e-35,
      "radius_outer": 3.2239546938740635e-35,
      "radius_midpoint": 3.078852830318742e-35,
      "thickness": 2.8367306746854794e-36,
      "material_parameters": {
        "epsilon_radial": 1.0,
        "mu_radial": 1.0,
        "epsilon_angular": 1.0,
        "mu_angular": 1.0,
        "anisotropy_ratio": 1.0
      },
      "unit_cell": {
        "type": "layered_dielectric",
        "layer_materials": [
          "silicon",
          "silica"
        ],
        "layer_thicknesses": [
          2.1991805930848155e-33,
          5.308366948825417e-33
        ],
        "num_periods": 1,
        "effective_index": 1.0,
        "target_epsilon": 1.0,
        "target_mu": 1.0,
        "geometric_scaling": {
          "reference_radius": 3.078852830318742e-35,
          "wavelength_scale": 3.0788528303187417e-32,
          "subwavelength_ratio": 0.09999999999999999
        }
      },
      "fabrication_notes": {
        "fabrication_method": "Chemical vapor deposition (CVD) + atomic layer deposition (ALD)",
        "critical_dimensions": [
          "Layer thickness: 0.0 nm minimum"
        ],
        "material_requirements": [
          "High-purity silicon and silica precursors"
        ],
        "tolerance_requirements": "\u00b12% thickness control",
        "expected_challenges": [
          "Interface quality",
          "Stress management",
          "Thickness uniformity"
        ]
      }
    },
    {
      "shell_index": 22,
      "radius_inner": 3.2239546938740635e-35,
      "radius_outer": 3.5349960271863804e-35,
      "radius_midpoint": 3.375894997578227e-35,
      "thickness": 3.110413333123169e-36,
      "material_parameters": {
        "epsilon_radial": 1.0,
        "mu_radial": 1.0,
        "epsilon_angular": 1.0,
        "mu_angular": 1.0,
        "anisotropy_ratio": 1.0
      },
      "unit_cell": {
        "type": "layered_dielectric",
        "layer_materials": [
          "silicon",
          "silica"
        ],
        "layer_thicknesses": [
          2.4113535696987335e-33,
          5.8205086165141844e-33
        ],
        "num_periods": 1,
        "effective_index": 1.0,
        "target_epsilon": 1.0,
        "target_mu": 1.0,
        "geometric_scaling": {
          "reference_radius": 3.375894997578227e-35,
          "wavelength_scale": 3.375894997578227e-32,
          "subwavelength_ratio": 0.09999999999999999
        }
      },
      "fabrication_notes": {
        "fabrication_method": "Chemical vapor deposition (CVD) + atomic layer deposition (ALD)",
        "critical_dimensions": [
          "Layer thickness: 0.0 nm minimum"
        ],
        "material_requirements": [
          "High-purity silicon and silica precursors"
        ],
        "tolerance_requirements": "\u00b12% thickness control",
        "expected_challenges": [
          "Interface quality",
          "Stress management",
          "Thickness uniformity"
        ]
      }
    },
    {
      "shell_index": 23,
      "radius_inner": 3.5349960271863804e-35,
      "radius_outer": 3.8760460672626406e-35,
      "radius_midpoint": 3.701595257313369e-35,
      "thickness": 3.410500400762601e-36,
      "material_parameters": {
        "epsilon_radial": 1.0,
        "mu_radial": 1.0,
        "epsilon_angular": 1.0,
        "mu_angular": 1.0,
        "anisotropy_ratio": 1.0
      },
      "unit_cell": {
        "type": "layered_dielectric",
        "layer_materials": [
          "silicon",
          "silica"
        ],
        "layer_thicknesses": [
          2.643996612366692e-33,
          6.382060788471326e-33
        ],
        "num_periods": 1,
        "effective_index": 1.0,
        "target_epsilon": 1.0,
        "target_mu": 1.0,
        "geometric_scaling": {
          "reference_radius": 3.701595257313369e-35,
          "wavelength_scale": 3.701595257313369e-32,
          "subwavelength_ratio": 0.1
        }
      },
      "fabrication_notes": {
        "fabrication_method": "Chemical vapor deposition (CVD) + atomic layer deposition (ALD)",
        "critical_dimensions": [
          "Layer thickness: 0.0 nm minimum"
        ],
        "material_requirements": [
          "High-purity silicon and silica precursors"
        ],
        "tolerance_requirements": "\u00b12% thickness control",
        "expected_challenges": [
          "Interface quality",
          "Stress management",
          "Thickness uniformity"
        ]
      }
    },
    {
      "shell_index": 24,
      "radius_inner": 3.8760460672626406e-35,
      "radius_outer": 4.250000000000018e-35,
      "radius_midpoint": 4.0587184905911243e-35,
      "thickness": 3.739539327373777e-36,
      "material_parameters": {
        "epsilon_radial": 1.0,
        "mu_radial": 1.0,
        "epsilon_angular": 1.0,
        "mu_angular": 1.0,
        "anisotropy_ratio": 1.0
      },
      "unit_cell": {
        "type": "layered_dielectric",
        "layer_materials": [
          "silicon",
          "silica"
        ],
        "layer_thicknesses": [
          2.8990846361365173e-33,
          6.99779050101918e-33
        ],
        "num_periods": 1,
        "effective_index": 1.0,
        "target_epsilon": 1.0,
        "target_mu": 1.0,
        "geometric_scaling": {
          "reference_radius": 4.0587184905911243e-35,
          "wavelength_scale": 4.0587184905911244e-32,
          "subwavelength_ratio": 0.09999999999999999
        }
      },
      "fabrication_notes": {
        "fabrication_method": "Chemical vapor deposition (CVD) + atomic layer deposition (ALD)",
        "critical_dimensions": [
          "Layer thickness: 0.0 nm minimum"
        ],
        "material_requirements": [
          "High-purity silicon and silica precursors"
        ],
        "tolerance_requirements": "\u00b12% thickness control",
        "expected_challenges": [
          "Interface quality",
          "Stress management",
          "Thickness uniformity"
        ]
      }
    }
  ]
}