{
  "metadata": {
    "design_name": "warp_bubble_metamaterial",
    "source_geometry": "optimized_warp_bubble_v3",
    "throat_radius": 4.2499999999999997e-36,
    "total_shells": 50,
    "radial_range": [
      4.2499999999999997e-36,
      4.2499999999999995e-35
    ],
    "design_date": "2025-05-31",
    "target_application": "quantum_field_analog_gravity"
  },
  "mode_spectrum_summary": {
    "total_modes": 20,
    "frequency_range": [
      0,
      0
    ],
    "angular_momentum_channels": [
      0
    ]
  },
  "validation_results": {
    "physical_realizability": true,
    "fabrication_feasibility": false,
    "warnings": [
      "Sub-nanometer shell thickness: 2.00e-37 m"
    ],
    "recommendations": [
      "Increase number of shells or adjust radial range"
    ]
  },
  "metamaterial_shells": [
    {
      "shell_index": 0,
      "radius_inner": 4.250000000000018e-36,
      "radius_outer": 4.450296329216374e-36,
      "radius_midpoint": 4.348995217193239e-36,
      "thickness": 2.0029632921635624e-37,
      "material_parameters": {
        "epsilon_radial": 1.632624088037818,
        "mu_radial": 0.6125108696649563,
        "epsilon_angular": 2.448382693361414,
        "mu_angular": 0.4084328821272168,
        "anisotropy_ratio": 1.4996610127834276
      },
      "unit_cell": {
        "type": "layered_dielectric",
        "layer_materials": [
          "silicon",
          "silica"
        ],
        "layer_thicknesses": [
          3.106425155138028e-34,
          7.4982676158504126e-34
        ],
        "num_periods": 1,
        "effective_index": 1.0,
        "target_epsilon": 1.632624088037818,
        "target_mu": 0.6125108696649563,
        "geometric_scaling": {
          "reference_radius": 4.348995217193239e-36,
          "wavelength_scale": 4.348995217193239e-33,
          "subwavelength_ratio": 0.1
        }
      },
      "fabrication_notes": {
        "fabrication_method": "Chemical vapor deposition (CVD) + atomic layer deposition (ALD) (requires atomic-scale precision)",
        "critical_dimensions": [
          "Layer thickness: 0.0 nm minimum"
        ],
        "material_requirements": [
          "High-purity silicon and silica precursors"
        ],
        "tolerance_requirements": "\u00b12% thickness control",
        "expected_challenges": [
          "Interface quality",
          "Stress management",
          "Thickness uniformity",
          "Extreme miniaturization required"
        ]
      }
    },
    {
      "shell_index": 1,
      "radius_inner": 4.450296329216374e-36,
      "radius_outer": 4.660032333608547e-36,
      "radius_midpoint": 4.553957047259859e-36,
      "thickness": 2.0973600439217304e-37,
      "material_parameters": {
        "epsilon_radial": 1.6295211724415364,
        "mu_radial": 0.6136772058639072,
        "epsilon_angular": 2.4390889902963786,
        "mu_angular": 0.40998914101878997,
        "anisotropy_ratio": 1.4968133164185
      },
      "unit_cell": {
        "type": "layered_dielectric",
        "layer_materials": [
          "silicon",
          "silica"
        ],
        "layer_thicknesses": [
          3.252826462328471e-34,
          7.851650081482516e-34
        ],
        "num_periods": 1,
        "effective_index": 1.0,
        "target_epsilon": 1.6295211724415364,
        "target_mu": 0.6136772058639072,
        "geometric_scaling": {
          "reference_radius": 4.553957047259859e-36,
          "wavelength_scale": 4.553957047259859e-33,
          "subwavelength_ratio": 0.09999999999999999
        }
      },
      "fabrication_notes": {
        "fabrication_method": "Chemical vapor deposition (CVD) + atomic layer deposition (ALD) (requires atomic-scale precision)",
        "critical_dimensions": [
          "Layer thickness: 0.0 nm minimum"
        ],
        "material_requirements": [
          "High-purity silicon and silica precursors"
        ],
        "tolerance_requirements": "\u00b12% thickness control",
        "expected_challenges": [
          "Interface quality",
          "Stress management",
          "Thickness uniformity",
          "Extreme miniaturization required"
        ]
      }
    },
    {
      "shell_index": 2,
      "radius_inner": 4.660032333608547e-36,
      "radius_outer": 4.879652891361798e-36,
      "radius_midpoint": 4.7685784307833725e-36,
      "thickness": 2.196205577532509e-37,
      "material_parameters": {
        "epsilon_radial": 1.62293327463539,
        "mu_radial": 0.6161682772969586,
        "epsilon_angular": 2.419437667670722,
        "mu_angular": 0.41331918294995185,
        "anisotropy_ratio": 1.4907807397160402
      },
      "unit_cell": {
        "type": "layered_dielectric",
        "layer_materials": [
          "silicon",
          "silica"
        ],
        "layer_thicknesses": [
          3.406127450559552e-34,
          8.221686949626506e-34
        ],
        "num_periods": 1,
        "effective_index": 1.0,
        "target_epsilon": 1.62293327463539,
        "target_mu": 0.6161682772969586,
        "geometric_scaling": {
          "reference_radius": 4.7685784307833725e-36,
          "wavelength_scale": 4.768578430783373e-33,
          "subwavelength_ratio": 0.1
        }
      },
      "fabrication_notes": {
        "fabrication_method": "Chemical vapor deposition (CVD) + atomic layer deposition (ALD) (requires atomic-scale precision)",
        "critical_dimensions": [
          "Layer thickness: 0.0 nm minimum"
        ],
        "material_requirements": [
          "High-purity silicon and silica precursors"
        ],
        "tolerance_requirements": "\u00b12% thickness control",
        "expected_challenges": [
          "Interface quality",
          "Stress management",
          "Thickness uniformity",
          "Extreme miniaturization required"
        ]
      }
    },
    {
      "shell_index": 3,
      "radius_inner": 4.879652891361798e-36,
      "radius_outer": 5.1096238471240065e-36,
      "radius_midpoint": 4.9933146084930254e-36,
      "thickness": 2.299709557622086e-37,
      "material_parameters": {
        "epsilon_radial": 1.6124762036129752,
        "mu_radial": 0.6201641908013044,
        "epsilon_angular": 2.388468557694527,
        "mu_angular": 0.41867831869859384,
        "anisotropy_ratio": 1.4812426703369848
      },
      "unit_cell": {
        "type": "layered_dielectric",
        "layer_materials": [
          "silicon",
          "silica"
        ],
        "layer_thicknesses": [
          3.5666532917807324e-34,
          8.609163118091424e-34
        ],
        "num_periods": 1,
        "effective_index": 1.0,
        "target_epsilon": 1.6124762036129752,
        "target_mu": 0.6201641908013044,
        "geometric_scaling": {
          "reference_radius": 4.9933146084930254e-36,
          "wavelength_scale": 4.993314608493025e-33,
          "subwavelength_ratio": 0.09999999999999999
        }
      },
      "fabrication_notes": {
        "fabrication_method": "Chemical vapor deposition (CVD) + atomic layer deposition (ALD) (requires atomic-scale precision)",
        "critical_dimensions": [
          "Layer thickness: 0.0 nm minimum"
        ],
        "material_requirements": [
          "High-purity silicon and silica precursors"
        ],
        "tolerance_requirements": "\u00b12% thickness control",
        "expected_challenges": [
          "Interface quality",
          "Stress management",
          "Thickness uniformity",
          "Extreme miniaturization required"
        ]
      }
    },
    {
      "shell_index": 4,
      "radius_inner": 5.1096238471240065e-36,
      "radius_outer": 5.350433000125251e-36,
      "radius_midpoint": 5.228642275952642e-36,
      "thickness": 2.408091530012446e-37,
      "material_parameters": {
        "epsilon_radial": 1.5978008419816019,
        "mu_radial": 0.6258602284623872,
        "epsilon_angular": 2.3454670817939207,
        "mu_angular": 0.42635431030443377,
        "anisotropy_ratio": 1.4679345636625518
      },
      "unit_cell": {
        "type": "layered_dielectric",
        "layer_materials": [
          "silicon",
          "silica"
        ],
        "layer_thicknesses": [
          3.7347444828233155e-34,
          9.014900475780417e-34
        ],
        "num_periods": 1,
        "effective_index": 1.0,
        "target_epsilon": 1.5978008419816019,
        "target_mu": 0.6258602284623872,
        "geometric_scaling": {
          "reference_radius": 5.228642275952642e-36,
          "wavelength_scale": 5.228642275952642e-33,
          "subwavelength_ratio": 0.1
        }
      },
      "fabrication_notes": {
        "fabrication_method": "Chemical vapor deposition (CVD) + atomic layer deposition (ALD) (requires atomic-scale precision)",
        "critical_dimensions": [
          "Layer thickness: 0.0 nm minimum"
        ],
        "material_requirements": [
          "High-purity silicon and silica precursors"
        ],
        "tolerance_requirements": "\u00b12% thickness control",
        "expected_challenges": [
          "Interface quality",
          "Stress management",
          "Thickness uniformity",
          "Extreme miniaturization required"
        ]
      }
    },
    {
      "shell_index": 5,
      "radius_inner": 5.350433000125251e-36,
      "radius_outer": 5.602591138864721e-36,
      "radius_midpoint": 5.475060594695835e-36,
      "thickness": 2.5215813873946963e-37,
      "material_parameters": {
        "epsilon_radial": 1.578618785203245,
        "mu_radial": 0.6334651591462288,
        "epsilon_angular": 2.2900641469208747,
        "mu_angular": 0.436668990842269,
        "anisotropy_ratio": 1.4506758492843046
      },
      "unit_cell": {
        "type": "layered_dielectric",
        "layer_materials": [
          "silicon",
          "silica"
        ],
        "layer_thicknesses": [
          3.9107575676398824e-34,
          9.439759646027303e-34
        ],
        "num_periods": 1,
        "effective_index": 1.0,
        "target_epsilon": 1.578618785203245,
        "target_mu": 0.6334651591462288,
        "geometric_scaling": {
          "reference_radius": 5.475060594695835e-36,
          "wavelength_scale": 5.475060594695835e-33,
          "subwavelength_ratio": 0.1
        }
      },
      "fabrication_notes": {
        "fabrication_method": "Chemical vapor deposition (CVD) + atomic layer deposition (ALD) (requires atomic-scale precision)",
        "critical_dimensions": [
          "Layer thickness: 0.0 nm minimum"
        ],
        "material_requirements": [
          "High-purity silicon and silica precursors"
        ],
        "tolerance_requirements": "\u00b12% thickness control",
        "expected_challenges": [
          "Interface quality",
          "Stress management",
          "Thickness uniformity",
          "Extreme miniaturization required"
        ]
      }
    },
    {
      "shell_index": 6,
      "radius_inner": 5.602591138864721e-36,
      "radius_outer": 5.866633124562293e-36,
      "radius_midpoint": 5.733092251014539e-36,
      "thickness": 2.640419856975721e-37,
      "material_parameters": {
        "epsilon_radial": 1.5547330179840484,
        "mu_radial": 0.6431972489377337,
        "epsilon_angular": 2.2223356070264786,
        "mu_angular": 0.4499770407485917,
        "anisotropy_ratio": 1.4294001486557995
      },
      "unit_cell": {
        "type": "layered_dielectric",
        "layer_materials": [
          "silicon",
          "silica"
        ],
        "layer_thicknesses": [
          4.0950658935818135e-34,
          9.884641812094033e-34
        ],
        "num_periods": 1,
        "effective_index": 0.9999999999999999,
        "target_epsilon": 1.5547330179840484,
        "target_mu": 0.6431972489377337,
        "geometric_scaling": {
          "reference_radius": 5.733092251014539e-36,
          "wavelength_scale": 5.7330922510145386e-33,
          "subwavelength_ratio": 0.1
        }
      },
      "fabrication_notes": {
        "fabrication_method": "Chemical vapor deposition (CVD) + atomic layer deposition (ALD) (requires atomic-scale precision)",
        "critical_dimensions": [
          "Layer thickness: 0.0 nm minimum"
        ],
        "material_requirements": [
          "High-purity silicon and silica precursors"
        ],
        "tolerance_requirements": "\u00b12% thickness control",
        "expected_challenges": [
          "Interface quality",
          "Stress management",
          "Thickness uniformity",
          "Extreme miniaturization required"
        ]
      }
    },
    {
      "shell_index": 7,
      "radius_inner": 5.866633124562293e-36,
      "radius_outer": 6.14311902567017e-36,
      "radius_midpoint": 6.003284564646712e-36,
      "thickness": 2.7648590110787695e-37,
      "material_parameters": {
        "epsilon_radial": 1.526073003267895,
        "mu_radial": 0.6552766465684307,
        "epsilon_angular": 2.142889666568221,
        "mu_angular": 0.4666595838326444,
        "anisotropy_ratio": 1.4041855546749662
      },
      "unit_cell": {
        "type": "layered_dielectric",
        "layer_materials": [
          "silicon",
          "silica"
        ],
        "layer_thicknesses": [
          4.28806040331908e-34,
          1.0350490628701227e-33
        ],
        "num_periods": 1,
        "effective_index": 1.0,
        "target_epsilon": 1.526073003267895,
        "target_mu": 0.6552766465684307,
        "geometric_scaling": {
          "reference_radius": 6.003284564646712e-36,
          "wavelength_scale": 6.003284564646712e-33,
          "subwavelength_ratio": 0.1
        }
      },
      "fabrication_notes": {
        "fabrication_method": "Chemical vapor deposition (CVD) + atomic layer deposition (ALD) (requires atomic-scale precision)",
        "critical_dimensions": [
          "Layer thickness: 0.0 nm minimum"
        ],
        "material_requirements": [
          "High-purity silicon and silica precursors"
        ],
        "tolerance_requirements": "\u00b12% thickness control",
        "expected_challenges": [
          "Interface quality",
          "Stress management",
          "Thickness uniformity",
          "Extreme miniaturization required"
        ]
      }
    },
    {
      "shell_index": 8,
      "radius_inner": 6.14311902567017e-36,
      "radius_outer": 6.432635305853908e-36,
      "radius_midpoint": 6.286210649714882e-36,
      "thickness": 2.8951628018373855e-37,
      "material_parameters": {
        "epsilon_radial": 1.4927326227864373,
        "mu_radial": 0.6699123371024955,
        "epsilon_angular": 2.052927912298849,
        "mu_angular": 0.4871091644324762,
        "anisotropy_ratio": 1.3752817356310687
      },
      "unit_cell": {
        "type": "layered_dielectric",
        "layer_materials": [
          "silicon",
          "silica"
        ],
        "layer_thicknesses": [
          4.490150464082059e-34,
          1.083829422364635e-33
        ],
        "num_periods": 1,
        "effective_index": 1.0,
        "target_epsilon": 1.4927326227864373,
        "target_mu": 0.6699123371024955,
        "geometric_scaling": {
          "reference_radius": 6.286210649714882e-36,
          "wavelength_scale": 6.286210649714883e-33,
          "subwavelength_ratio": 0.1
        }
      },
      "fabrication_notes": {
        "fabrication_method": "Chemical vapor deposition (CVD) + atomic layer deposition (ALD) (requires atomic-scale precision)",
        "critical_dimensions": [
          "Layer thickness: 0.0 nm minimum"
        ],
        "material_requirements": [
          "High-purity silicon and silica precursors"
        ],
        "tolerance_requirements": "\u00b12% thickness control",
        "expected_challenges": [
          "Interface quality",
          "Stress management",
          "Thickness uniformity",
          "Extreme miniaturization required"
        ]
      }
    },
    {
      "shell_index": 9,
      "radius_inner": 6.432635305853908e-36,
      "radius_outer": 6.735796067959805e-36,
      "radius_midpoint": 6.582470630378093e-36,
      "thickness": 3.031607621058964e-37,
      "material_parameters": {
        "epsilon_radial": 1.455008082475558,
        "mu_radial": 0.6872814055428441,
        "epsilon_angular": 1.9542645628860302,
        "mu_angular": 0.5117014446207908,
        "anisotropy_ratio": 1.3431296955828829
      },
      "unit_cell": {
        "type": "layered_dielectric",
        "layer_materials": [
          "silicon",
          "silica"
        ],
        "layer_thicknesses": [
          4.701764735984352e-34,
          1.1349087293755333e-33
        ],
        "num_periods": 1,
        "effective_index": 1.0,
        "target_epsilon": 1.455008082475558,
        "target_mu": 0.6872814055428441,
        "geometric_scaling": {
          "reference_radius": 6.582470630378093e-36,
          "wavelength_scale": 6.582470630378093e-33,
          "subwavelength_ratio": 0.09999999999999999
        }
      },
      "fabrication_notes": {
        "fabrication_method": "Chemical vapor deposition (CVD) + atomic layer deposition (ALD) (requires atomic-scale precision)",
        "critical_dimensions": [
          "Layer thickness: 0.0 nm minimum"
        ],
        "material_requirements": [
          "High-purity silicon and silica precursors"
        ],
        "tolerance_requirements": "\u00b12% thickness control",
        "expected_challenges": [
          "Interface quality",
          "Stress management",
          "Thickness uniformity",
          "Extreme miniaturization required"
        ]
      }
    },
    {
      "shell_index": 10,
      "radius_inner": 6.735796067959805e-36,
      "radius_outer": 7.053244356609644e-36,
      "radius_midpoint": 6.892692913775495e-36,
      "thickness": 3.17448288649839e-37,
      "material_parameters": {
        "epsilon_radial": 1.413431170647538,
        "mu_radial": 0.7074981935921705,
        "epsilon_angular": 1.8492900652108815,
        "mu_angular": 0.5407480518130433,
        "anisotropy_ratio": 1.308369380564646
      },
      "unit_cell": {
        "type": "layered_dielectric",
        "layer_materials": [
          "silicon",
          "silica"
        ],
        "layer_thicknesses": [
          4.923352081268211e-34,
          1.1883953299612922e-33
        ],
        "num_periods": 1,
        "effective_index": 1.0,
        "target_epsilon": 1.413431170647538,
        "target_mu": 0.7074981935921705,
        "geometric_scaling": {
          "reference_radius": 6.892692913775495e-36,
          "wavelength_scale": 6.892692913775495e-33,
          "subwavelength_ratio": 0.09999999999999999
        }
      },
      "fabrication_notes": {
        "fabrication_method": "Chemical vapor deposition (CVD) + atomic layer deposition (ALD) (requires atomic-scale precision)",
        "critical_dimensions": [
          "Layer thickness: 0.0 nm minimum"
        ],
        "material_requirements": [
          "High-purity silicon and silica precursors"
        ],
        "tolerance_requirements": "\u00b12% thickness control",
        "expected_challenges": [
          "Interface quality",
          "Stress management",
          "Thickness uniformity",
          "Extreme miniaturization required"
        ]
      }
    },
    {
      "shell_index": 11,
      "radius_inner": 7.053244356609644e-36,
      "radius_outer": 7.385653522184911e-36,
      "radius_midpoint": 7.21753552296245e-36,
      "thickness": 3.3240916557526755e-37,
      "material_parameters": {
        "epsilon_radial": 1.3687912571866971,
        "mu_radial": 0.730571586244143,
        "epsilon_angular": 1.7408701491779008,
        "mu_angular": 0.574425381739261,
        "anisotropy_ratio": 1.2718302663299768
      },
      "unit_cell": {
        "type": "layered_dielectric",
        "layer_materials": [
          "silicon",
          "silica"
        ],
        "layer_thicknesses": [
          5.1553825164017504e-34,
          1.2444026763728363e-33
        ],
        "num_periods": 1,
        "effective_index": 1.0,
        "target_epsilon": 1.3687912571866971,
        "target_mu": 0.730571586244143,
        "geometric_scaling": {
          "reference_radius": 7.21753552296245e-36,
          "wavelength_scale": 7.21753552296245e-33,
          "subwavelength_ratio": 0.1
        }
      },
      "fabrication_notes": {
        "fabrication_method": "Chemical vapor deposition (CVD) + atomic layer deposition (ALD) (requires atomic-scale precision)",
        "critical_dimensions": [
          "Layer thickness: 0.0 nm minimum"
        ],
        "material_requirements": [
          "High-purity silicon and silica precursors"
        ],
        "tolerance_requirements": "\u00b12% thickness control",
        "expected_challenges": [
          "Interface quality",
          "Stress management",
          "Thickness uniformity",
          "Extreme miniaturization required"
        ]
      }
    },
    {
      "shell_index": 12,
      "radius_inner": 7.385653522184911e-36,
      "radius_outer": 7.733728649092427e-36,
      "radius_midpoint": 7.557687492665454e-36,
      "thickness": 3.4807512690751575e-37,
      "material_parameters": {
        "epsilon_radial": 1.3221375336680437,
        "mu_radial": 0.7563509654140682,
        "epsilon_angular": 1.6321800132100348,
        "mu_angular": 0.6126775183536796,
        "anisotropy_ratio": 1.2345009287209565
      },
      "unit_cell": {
        "type": "layered_dielectric",
        "layer_materials": [
          "silicon",
          "silica"
        ],
        "layer_thicknesses": [
          5.398348209046753e-34,
          1.3030495677009405e-33
        ],
        "num_periods": 1,
        "effective_index": 0.9999999999999999,
        "target_epsilon": 1.3221375336680437,
        "target_mu": 0.7563509654140682,
        "geometric_scaling": {
          "reference_radius": 7.557687492665454e-36,
          "wavelength_scale": 7.557687492665454e-33,
          "subwavelength_ratio": 0.09999999999999999
        }
      },
      "fabrication_notes": {
        "fabrication_method": "Chemical vapor deposition (CVD) + atomic layer deposition (ALD) (requires atomic-scale precision)",
        "critical_dimensions": [
          "Layer thickness: 0.0 nm minimum"
        ],
        "material_requirements": [
          "High-purity silicon and silica precursors"
        ],
        "tolerance_requirements": "\u00b12% thickness control",
        "expected_challenges": [
          "Interface quality",
          "Stress management",
          "Thickness uniformity",
          "Extreme miniaturization required"
        ]
      }
    },
    {
      "shell_index": 13,
      "radius_inner": 7.733728649092427e-36,
      "radius_outer": 8.098208051343856e-36,
      "radius_midpoint": 7.913870330817213e-36,
      "thickness": 3.644794022514285e-37,
      "material_parameters": {
        "epsilon_radial": 1.2747520014399891,
        "mu_radial": 0.7844663109925515,
        "epsilon_angular": 1.5264844875098582,
        "mu_angular": 0.6551000080133745,
        "anisotropy_ratio": 1.197475654704214
      },
      "unit_cell": {
        "type": "layered_dielectric",
        "layer_materials": [
          "silicon",
          "silica"
        ],
        "layer_thicknesses": [
          5.652764522012295e-34,
          1.3644604018650366e-33
        ],
        "num_periods": 1,
        "effective_index": 1.0,
        "target_epsilon": 1.2747520014399891,
        "target_mu": 0.7844663109925515,
        "geometric_scaling": {
          "reference_radius": 7.913870330817213e-36,
          "wavelength_scale": 7.913870330817212e-33,
          "subwavelength_ratio": 0.1
        }
      },
      "fabrication_notes": {
        "fabrication_method": "Chemical vapor deposition (CVD) + atomic layer deposition (ALD) (requires atomic-scale precision)",
        "critical_dimensions": [
          "Layer thickness: 0.0 nm minimum"
        ],
        "material_requirements": [
          "High-purity silicon and silica precursors"
        ],
        "tolerance_requirements": "\u00b12% thickness control",
        "expected_challenges": [
          "Interface quality",
          "Stress management",
          "Thickness uniformity",
          "Extreme miniaturization required"
        ]
      }
    },
    {
      "shell_index": 14,
      "radius_inner": 8.098208051343856e-36,
      "radius_outer": 8.479864838617719e-36,
      "radius_midpoint": 8.286839548971711e-36,
      "thickness": 3.816567872738632e-37,
      "material_parameters": {
        "epsilon_radial": 1.22808485218331,
        "mu_radial": 0.8142759828216943,
        "epsilon_angular": 1.4268865966201605,
        "mu_angular": 0.7008265424657301,
        "anisotropy_ratio": 1.1618794858379837
      },
      "unit_cell": {
        "type": "layered_dielectric",
        "layer_materials": [
          "silicon",
          "silica"
        ],
        "layer_thicknesses": [
          5.919171106408365e-34,
          1.4287654394778812e-33
        ],
        "num_periods": 1,
        "effective_index": 1.0,
        "target_epsilon": 1.22808485218331,
        "target_mu": 0.8142759828216943,
        "geometric_scaling": {
          "reference_radius": 8.286839548971711e-36,
          "wavelength_scale": 8.28683954897171e-33,
          "subwavelength_ratio": 0.09999999999999999
        }
      },
      "fabrication_notes": {
        "fabrication_method": "Chemical vapor deposition (CVD) + atomic layer deposition (ALD) (requires atomic-scale precision)",
        "critical_dimensions": [
          "Layer thickness: 0.0 nm minimum"
        ],
        "material_requirements": [
          "High-purity silicon and silica precursors"
        ],
        "tolerance_requirements": "\u00b12% thickness control",
        "expected_challenges": [
          "Interface quality",
          "Stress management",
          "Thickness uniformity",
          "Extreme miniaturization required"
        ]
      }
    },
    {
      "shell_index": 15,
      "radius_inner": 8.479864838617719e-36,
      "radius_outer": 8.879508556129711e-36,
      "radius_midpoint": 8.677386264845511e-36,
      "thickness": 3.99643717511992e-37,
      "material_parameters": {
        "epsilon_radial": 1.1836485976894993,
        "mu_radial": 0.844845338347898,
        "epsilon_angular": 1.336075837567121,
        "mu_angular": 0.7484605079161628,
        "anisotropy_ratio": 1.1287774430478454
      },
      "unit_cell": {
        "type": "layered_dielectric",
        "layer_materials": [
          "silicon",
          "silica"
        ],
        "layer_thicknesses": [
          6.198133046318222e-34,
          1.4961010801457777e-33
        ],
        "num_periods": 1,
        "effective_index": 1.0,
        "target_epsilon": 1.1836485976894993,
        "target_mu": 0.844845338347898,
        "geometric_scaling": {
          "reference_radius": 8.677386264845511e-36,
          "wavelength_scale": 8.677386264845511e-33,
          "subwavelength_ratio": 0.1
        }
      },
      "fabrication_notes": {
        "fabrication_method": "Chemical vapor deposition (CVD) + atomic layer deposition (ALD) (requires atomic-scale precision)",
        "critical_dimensions": [
          "Layer thickness: 0.0 nm minimum"
        ],
        "material_requirements": [
          "High-purity silicon and silica precursors"
        ],
        "tolerance_requirements": "\u00b12% thickness control",
        "expected_challenges": [
          "Interface quality",
          "Stress management",
          "Thickness uniformity",
          "Extreme miniaturization required"
        ]
      }
    },
    {
      "shell_index": 16,
      "radius_inner": 8.879508556129711e-36,
      "radius_outer": 9.297986901785711e-36,
      "radius_midpoint": 9.086338880384563e-36,
      "thickness": 4.18478345656e-37,
      "material_parameters": {
        "epsilon_radial": 1.1428764772549824,
        "mu_radial": 0.8749851973520794,
        "epsilon_angular": 1.2561107929566138,
        "mu_angular": 0.7961081184934458,
        "anisotropy_ratio": 1.0990783500712196
      },
      "unit_cell": {
        "type": "layered_dielectric",
        "layer_materials": [
          "silicon",
          "silica"
        ],
        "layer_thicknesses": [
          6.490242057417545e-34,
          1.5666101517904418e-33
        ],
        "num_periods": 1,
        "effective_index": 1.0,
        "target_epsilon": 1.1428764772549824,
        "target_mu": 0.8749851973520794,
        "geometric_scaling": {
          "reference_radius": 9.086338880384563e-36,
          "wavelength_scale": 9.086338880384563e-33,
          "subwavelength_ratio": 0.1
        }
      },
      "fabrication_notes": {
        "fabrication_method": "Chemical vapor deposition (CVD) + atomic layer deposition (ALD) (requires atomic-scale precision)",
        "critical_dimensions": [
          "Layer thickness: 0.0 nm minimum"
        ],
        "material_requirements": [
          "High-purity silicon and silica precursors"
        ],
        "tolerance_requirements": "\u00b12% thickness control",
        "expected_challenges": [
          "Interface quality",
          "Stress management",
          "Thickness uniformity",
          "Extreme miniaturization required"
        ]
      }
    },
    {
      "shell_index": 17,
      "radius_inner": 9.297986901785711e-36,
      "radius_outer": 9.736187524263064e-36,
      "radius_midpoint": 9.514564838915514e-36,
      "thickness": 4.38200622477353e-37,
      "material_parameters": {
        "epsilon_radial": 1.1069633469954052,
        "mu_radial": 0.9033722776045545,
        "epsilon_angular": 1.188267009717278,
        "mu_angular": 0.8415616960012446,
        "anisotropy_ratio": 1.0734474749706509
      },
      "unit_cell": {
        "type": "layered_dielectric",
        "layer_materials": [
          "silicon",
          "silica"
        ],
        "layer_thicknesses": [
          6.79611774208251e-34,
          1.640442213606123e-33
        ],
        "num_periods": 1,
        "effective_index": 1.0,
        "target_epsilon": 1.1069633469954052,
        "target_mu": 0.9033722776045545,
        "geometric_scaling": {
          "reference_radius": 9.514564838915514e-36,
          "wavelength_scale": 9.514564838915514e-33,
          "subwavelength_ratio": 0.1
        }
      },
      "fabrication_notes": {
        "fabrication_method": "Chemical vapor deposition (CVD) + atomic layer deposition (ALD) (requires atomic-scale precision)",
        "critical_dimensions": [
          "Layer thickness: 0.0 nm minimum"
        ],
        "material_requirements": [
          "High-purity silicon and silica precursors"
        ],
        "tolerance_requirements": "\u00b12% thickness control",
        "expected_challenges": [
          "Interface quality",
          "Stress management",
          "Thickness uniformity",
          "Extreme miniaturization required"
        ]
      }
    },
    {
      "shell_index": 18,
      "radius_inner": 9.736187524263064e-36,
      "radius_outer": 1.0195039905832937e-35,
      "radius_midpoint": 9.962972465109734e-36,
      "thickness": 4.588523815698737e-37,
      "material_parameters": {
        "epsilon_radial": 1.076719542997267,
        "mu_radial": 0.9287469578348113,
        "epsilon_angular": 1.1329713503905885,
        "mu_angular": 0.8826348518479774,
        "anisotropy_ratio": 1.052243694989257
      },
      "unit_cell": {
        "type": "layered_dielectric",
        "layer_materials": [
          "silicon",
          "silica"
        ],
        "layer_thicknesses": [
          7.11640890364981e-34,
          1.717753873294782e-33
        ],
        "num_periods": 1,
        "effective_index": 1.0,
        "target_epsilon": 1.076719542997267,
        "target_mu": 0.9287469578348113,
        "geometric_scaling": {
          "reference_radius": 9.962972465109734e-36,
          "wavelength_scale": 9.962972465109734e-33,
          "subwavelength_ratio": 0.09999999999999999
        }
      },
      "fabrication_notes": {
        "fabrication_method": "Chemical vapor deposition (CVD) + atomic layer deposition (ALD) (requires atomic-scale precision)",
        "critical_dimensions": [
          "Layer thickness: 0.0 nm minimum"
        ],
        "material_requirements": [
          "High-purity silicon and silica precursors"
        ],
        "tolerance_requirements": "\u00b12% thickness control",
        "expected_challenges": [
          "Interface quality",
          "Stress management",
          "Thickness uniformity",
          "Extreme miniaturization required"
        ]
      }
    },
    {
      "shell_index": 19,
      "radius_inner": 1.0195039905832937e-35,
      "radius_outer": 1.0675517333915726e-35,
      "radius_midpoint": 1.0432512891661437e-35,
      "thickness": 4.804774280827889e-37,
      "material_parameters": {
        "epsilon_radial": 1.0524737641647692,
        "mu_radial": 0.9501424491978554,
        "epsilon_angular": 1.0898310858270719,
        "mu_angular": 0.9175733863758353,
        "anisotropy_ratio": 1.0354947770996923
      },
      "unit_cell": {
        "type": "layered_dielectric",
        "layer_materials": [
          "silicon",
          "silica"
        ],
        "layer_thicknesses": [
          7.451794922615313e-34,
          1.798709119251972e-33
        ],
        "num_periods": 1,
        "effective_index": 0.9999999999999999,
        "target_epsilon": 1.0524737641647692,
        "target_mu": 0.9501424491978554,
        "geometric_scaling": {
          "reference_radius": 1.0432512891661437e-35,
          "wavelength_scale": 1.0432512891661438e-32,
          "subwavelength_ratio": 0.1
        }
      },
      "fabrication_notes": {
        "fabrication_method": "Chemical vapor deposition (CVD) + atomic layer deposition (ALD)",
        "critical_dimensions": [
          "Layer thickness: 0.0 nm minimum"
        ],
        "material_requirements": [
          "High-purity silicon and silica precursors"
        ],
        "tolerance_requirements": "\u00b12% thickness control",
        "expected_challenges": [
          "Interface quality",
          "Stress management",
          "Thickness uniformity"
        ]
      }
    },
    {
      "shell_index": 20,
      "radius_inner": 1.0675517333915726e-35,
      "radius_outer": 1.1178638965555464e-35,
      "radius_midpoint": 1.0924182076767721e-35,
      "thickness": 5.031216316397378e-37,
      "material_parameters": {
        "epsilon_radial": 1.0340541298307298,
        "mu_radial": 0.9670673624829444,
        "epsilon_angular": 1.057752744173887,
        "mu_angular": 0.9454005253193719,
        "anisotropy_ratio": 1.0229181564673375
      },
      "unit_cell": {
        "type": "layered_dielectric",
        "layer_materials": [
          "silicon",
          "silica"
        ],
        "layer_thicknesses": [
          7.802987197691229e-34,
          1.8834796684082278e-33
        ],
        "num_periods": 1,
        "effective_index": 1.0,
        "target_epsilon": 1.0340541298307298,
        "target_mu": 0.9670673624829444,
        "geometric_scaling": {
          "reference_radius": 1.0924182076767721e-35,
          "wavelength_scale": 1.0924182076767721e-32,
          "subwavelength_ratio": 0.09999999999999999
        }
      },
      "fabrication_notes": {
        "fabrication_method": "Chemical vapor deposition (CVD) + atomic layer deposition (ALD)",
        "critical_dimensions": [
          "Layer thickness: 0.0 nm minimum"
        ],
        "material_requirements": [
          "High-purity silicon and silica precursors"
        ],
        "tolerance_requirements": "\u00b12% thickness control",
        "expected_challenges": [
          "Interface quality",
          "Stress management",
          "Thickness uniformity"
        ]
      }
    },
    {
      "shell_index": 21,
      "radius_inner": 1.1178638965555464e-35,
      "radius_outer": 1.1705471989187196e-35,
      "radius_midpoint": 1.1439022916689432e-35,
      "thickness": 5.268330236317313e-37,
      "material_parameters": {
        "epsilon_radial": 1.0208566589022317,
        "mu_radial": 0.9795694540263276,
        "epsilon_angular": 1.0351334860512613,
        "mu_angular": 0.9660589802912419,
        "anisotropy_ratio": 1.0139851437756033
      },
      "unit_cell": {
        "type": "layered_dielectric",
        "layer_materials": [
          "silicon",
          "silica"
        ],
        "layer_thicknesses": [
          8.170730654778166e-34,
          1.9722453304636954e-33
        ],
        "num_periods": 1,
        "effective_index": 1.0,
        "target_epsilon": 1.0208566589022317,
        "target_mu": 0.9795694540263276,
        "geometric_scaling": {
          "reference_radius": 1.1439022916689432e-35,
          "wavelength_scale": 1.1439022916689432e-32,
          "subwavelength_ratio": 0.09999999999999999
        }
      },
      "fabrication_notes": {
        "fabrication_method": "Chemical vapor deposition (CVD) + atomic layer deposition (ALD)",
        "critical_dimensions": [
          "Layer thickness: 0.0 nm minimum"
        ],
        "material_requirements": [
          "High-purity silicon and silica precursors"
        ],
        "tolerance_requirements": "\u00b12% thickness control",
        "expected_challenges": [
          "Interface quality",
          "Stress management",
          "Thickness uniformity"
        ]
      }
    },
    {
      "shell_index": 22,
      "radius_inner": 1.1705471989187196e-35,
      "radius_outer": 1.2257133888288152e-35,
      "radius_midpoint": 1.197812745787396e-35,
      "thickness": 5.516618991009563e-37,
      "material_parameters": {
        "epsilon_radial": 1.0119843378493238,
        "mu_radial": 0.9881575856452551,
        "epsilon_angular": 1.02009659046088,
        "mu_angular": 0.9802993259179501,
        "anisotropy_ratio": 1.0080161839547799
      },
      "unit_cell": {
        "type": "layered_dielectric",
        "layer_materials": [
          "silicon",
          "silica"
        ],
        "layer_thicknesses": [
          8.55580532705283e-34,
          2.065194389288614e-33
        ],
        "num_periods": 1,
        "effective_index": 1.0,
        "target_epsilon": 1.0119843378493238,
        "target_mu": 0.9881575856452551,
        "geometric_scaling": {
          "reference_radius": 1.197812745787396e-35,
          "wavelength_scale": 1.1978127457873961e-32,
          "subwavelength_ratio": 0.1
        }
      },
      "fabrication_notes": {
        "fabrication_method": "Chemical vapor deposition (CVD) + atomic layer deposition (ALD)",
        "critical_dimensions": [
          "Layer thickness: 0.0 nm minimum"
        ],
        "material_requirements": [
          "High-purity silicon and silica precursors"
        ],
        "tolerance_requirements": "\u00b12% thickness control",
        "expected_challenges": [
          "Interface quality",
          "Stress management",
          "Thickness uniformity"
        ]
      }
    },
    {
      "shell_index": 23,
      "radius_inner": 1.2257133888288152e-35,
      "radius_outer": 1.283479481170853e-35,
      "radius_midpoint": 1.254263921333216e-35,
      "thickness": 5.776609234203787e-37,
      "material_parameters": {
        "epsilon_radial": 1.006419042123338,
        "mu_radial": 0.9936218991745275,
        "epsilon_angular": 1.0107335566868916,
        "mu_angular": 0.9893804290795732,
        "anisotropy_ratio": 1.004286996154654
      },
      "unit_cell": {
        "type": "layered_dielectric",
        "layer_materials": [
          "silicon",
          "silica"
        ],
        "layer_thicknesses": [
          8.959028009522971e-34,
          2.1625240022986485e-33
        ],
        "num_periods": 1,
        "effective_index": 1.0,
        "target_epsilon": 1.006419042123338,
        "target_mu": 0.9936218991745275,
        "geometric_scaling": {
          "reference_radius": 1.254263921333216e-35,
          "wavelength_scale": 1.254263921333216e-32,
          "subwavelength_ratio": 0.1
        }
      },
      "fabrication_notes": {
        "fabrication_method": "Chemical vapor deposition (CVD) + atomic layer deposition (ALD)",
        "critical_dimensions": [
          "Layer thickness: 0.0 nm minimum"
        ],
        "material_requirements": [
          "High-purity silicon and silica precursors"
        ],
        "tolerance_requirements": "\u00b12% thickness control",
        "expected_challenges": [
          "Interface quality",
          "Stress management",
          "Thickness uniformity"
        ]
      }
    },
    {
      "shell_index": 24,
      "radius_inner": 1.283479481170853e-35,
      "radius_outer": 1.3439680055715668e-35,
      "radius_midpoint": 1.3133755588182768e-35,
      "thickness": 6.048852440071376e-37,
      "material_parameters": {
        "epsilon_radial": 1.003182034286072,
        "mu_radial": 0.996828058939137,
        "epsilon_angular": 1.005312022266614,
        "mu_angular": 0.9947160462135552,
        "anisotropy_ratio": 1.0021232317842075
      },
      "unit_cell": {
        "type": "layered_dielectric",
        "layer_materials": [
          "silicon",
          "silica"
        ],
        "layer_thicknesses": [
          9.38125399155912e-34,
          2.2644406186522017e-33
        ],
        "num_periods": 1,
        "effective_index": 0.9999999999999999,
        "target_epsilon": 1.003182034286072,
        "target_mu": 0.996828058939137,
        "geometric_scaling": {
          "reference_radius": 1.3133755588182768e-35,
          "wavelength_scale": 1.3133755588182768e-32,
          "subwavelength_ratio": 0.1
        }
      },
      "fabrication_notes": {
        "fabrication_method": "Chemical vapor deposition (CVD) + atomic layer deposition (ALD)",
        "critical_dimensions": [
          "Layer thickness: 0.0 nm minimum"
        ],
        "material_requirements": [
          "High-purity silicon and silica precursors"
        ],
        "tolerance_requirements": "\u00b12% thickness control",
        "expected_challenges": [
          "Interface quality",
          "Stress management",
          "Thickness uniformity"
        ]
      }
    },
    {
      "shell_index": 25,
      "radius_inner": 1.3439680055715668e-35,
      "radius_outer": 1.4073072663010282e-35,
      "radius_midpoint": 1.3752730419509307e-35,
      "thickness": 6.333926072946135e-37,
      "material_parameters": {
        "epsilon_radial": 1.0014483217852697,
        "mu_radial": 0.9985537728170657,
        "epsilon_angular": 1.0024156571298957,
        "mu_angular": 0.9975901642071193,
        "anisotropy_ratio": 1.0009659363579555
      },
      "unit_cell": {
        "type": "layered_dielectric",
        "layer_materials": [
          "silicon",
          "silica"
        ],
        "layer_thicknesses": [
          9.823378871078076e-34,
          2.371160417156777e-33
        ],
        "num_periods": 1,
        "effective_index": 0.9999999999999999,
        "target_epsilon": 1.0014483217852697,
        "target_mu": 0.9985537728170657,
        "geometric_scaling": {
          "reference_radius": 1.3752730419509307e-35,
          "wavelength_scale": 1.3752730419509307e-32,
          "subwavelength_ratio": 0.09999999999999999
        }
      },
      "fabrication_notes": {
        "fabrication_method": "Chemical vapor deposition (CVD) + atomic layer deposition (ALD)",
        "critical_dimensions": [
          "Layer thickness: 0.0 nm minimum"
        ],
        "material_requirements": [
          "High-purity silicon and silica precursors"
        ],
        "tolerance_requirements": "\u00b12% thickness control",
        "expected_challenges": [
          "Interface quality",
          "Stress management",
          "Thickness uniformity"
        ]
      }
    },
    {
      "shell_index": 26,
      "radius_inner": 1.4073072663010282e-35,
      "radius_outer": 1.4736316144232629e-35,
      "radius_midpoint": 1.4400876635916208e-35,
      "thickness": 6.632434812223468e-37,
      "material_parameters": {
        "epsilon_radial": 1.000599949492583,
        "mu_radial": 0.9994004102309947,
        "epsilon_angular": 1.001000222479557,
        "mu_angular": 0.999000776965784,
        "anisotropy_ratio": 1.0004000329873861
      },
      "unit_cell": {
        "type": "layered_dielectric",
        "layer_materials": [
          "silicon",
          "silica"
        ],
        "layer_thicknesses": [
          1.0286340454225863e-33,
          2.4829097648131395e-33
        ],
        "num_periods": 1,
        "effective_index": 1.0,
        "target_epsilon": 1.000599949492583,
        "target_mu": 0.9994004102309947,
        "geometric_scaling": {
          "reference_radius": 1.4400876635916208e-35,
          "wavelength_scale": 1.4400876635916209e-32,
          "subwavelength_ratio": 0.1
        }
      },
      "fabrication_notes": {
        "fabrication_method": "Chemical vapor deposition (CVD) + atomic layer deposition (ALD)",
        "critical_dimensions": [
          "Layer thickness: 0.0 nm minimum"
        ],
        "material_requirements": [
          "High-purity silicon and silica precursors"
        ],
        "tolerance_requirements": "\u00b12% thickness control",
        "expected_challenges": [
          "Interface quality",
          "Stress management",
          "Thickness uniformity"
        ]
      }
    },
    {
      "shell_index": 27,
      "radius_inner": 1.4736316144232629e-35,
      "radius_outer": 1.5430817327729453e-35,
      "radius_midpoint": 1.5079569042427046e-35,
      "thickness": 6.9450118349682485e-37,
      "material_parameters": {
        "epsilon_radial": 1.0002239747571953,
        "mu_radial": 0.9997760753962636,
        "epsilon_angular": 1.0003733339971432,
        "mu_angular": 0.999626805329115,
        "anisotropy_ratio": 1.0001493257947394
      },
      "unit_cell": {
        "type": "layered_dielectric",
        "layer_materials": [
          "silicon",
          "silica"
        ],
        "layer_thicknesses": [
          1.0771120744590748e-33,
          2.5999256969701803e-33
        ],
        "num_periods": 1,
        "effective_index": 1.0,
        "target_epsilon": 1.0002239747571953,
        "target_mu": 0.9997760753962636,
        "geometric_scaling": {
          "reference_radius": 1.5079569042427046e-35,
          "wavelength_scale": 1.5079569042427046e-32,
          "subwavelength_ratio": 0.1
        }
      },
      "fabrication_notes": {
        "fabrication_method": "Chemical vapor deposition (CVD) + atomic layer deposition (ALD)",
        "critical_dimensions": [
          "Layer thickness: 0.0 nm minimum"
        ],
        "material_requirements": [
          "High-purity silicon and silica precursors"
        ],
        "tolerance_requirements": "\u00b12% thickness control",
        "expected_challenges": [
          "Interface quality",
          "Stress management",
          "Thickness uniformity"
        ]
      }
    },
    {
      "shell_index": 28,
      "radius_inner": 1.5430817327729453e-35,
      "radius_outer": 1.6158049343623855e-35,
      "radius_midpoint": 1.579024723662991e-35,
      "thickness": 7.272320158944016e-37,
      "material_parameters": {
        "epsilon_radial": 1.0000745436752747,
        "mu_radial": 0.9999254618810706,
        "epsilon_angular": 1.0001242441924105,
        "mu_angular": 0.9998757712422911,
        "anisotropy_ratio": 1.0000496968125527
      },
      "unit_cell": {
        "type": "layered_dielectric",
        "layer_materials": [
          "silicon",
          "silica"
        ],
        "layer_thicknesses": [
          1.1278748026164222e-33,
          2.7224564201086055e-33
        ],
        "num_periods": 1,
        "effective_index": 0.9999999999999999,
        "target_epsilon": 1.0000745436752747,
        "target_mu": 0.9999254618810706,
        "geometric_scaling": {
          "reference_radius": 1.579024723662991e-35,
          "wavelength_scale": 1.579024723662991e-32,
          "subwavelength_ratio": 0.1
        }
      },
      "fabrication_notes": {
        "fabrication_method": "Chemical vapor deposition (CVD) + atomic layer deposition (ALD)",
        "critical_dimensions": [
          "Layer thickness: 0.0 nm minimum"
        ],
        "material_requirements": [
          "High-purity silicon and silica precursors"
        ],
        "tolerance_requirements": "\u00b12% thickness control",
        "expected_challenges": [
          "Interface quality",
          "Stress management",
          "Thickness uniformity"
        ]
      }
    },
    {
      "shell_index": 29,
      "radius_inner": 1.6158049343623855e-35,
      "radius_outer": 1.691955474852376e-35,
      "radius_midpoint": 1.653441866225699e-35,
      "thickness": 7.615054048999047e-37,
      "material_parameters": {
        "epsilon_radial": 1.0000218551246995,
        "mu_radial": 0.9999781453529364,
        "epsilon_angular": 1.0000364256147185,
        "mu_angular": 0.9999635757120586,
        "anisotropy_ratio": 1.0000145701715861
      },
      "unit_cell": {
        "type": "layered_dielectric",
        "layer_materials": [
          "silicon",
          "silica"
        ],
        "layer_thicknesses": [
          1.1810299044469278e-33,
          2.850761838320171e-33
        ],
        "num_periods": 1,
        "effective_index": 0.9999999999999999,
        "target_epsilon": 1.0000218551246995,
        "target_mu": 0.9999781453529364,
        "geometric_scaling": {
          "reference_radius": 1.653441866225699e-35,
          "wavelength_scale": 1.653441866225699e-32,
          "subwavelength_ratio": 0.1
        }
      },
      "fabrication_notes": {
        "fabrication_method": "Chemical vapor deposition (CVD) + atomic layer deposition (ALD)",
        "critical_dimensions": [
          "Layer thickness: 0.0 nm minimum"
        ],
        "material_requirements": [
          "High-purity silicon and silica precursors"
        ],
        "tolerance_requirements": "\u00b12% thickness control",
        "expected_challenges": [
          "Interface quality",
          "Stress management",
          "Thickness uniformity"
        ]
      }
    },
    {
      "shell_index": 30,
      "radius_inner": 1.691955474852376e-35,
      "radius_outer": 1.7716948797489225e-35,
      "radius_midpoint": 1.731366180667484e-35,
      "thickness": 7.97394048965465e-37,
      "material_parameters": {
        "epsilon_radial": 1.000005570570878,
        "mu_radial": 0.9999944294601532,
        "epsilon_angular": 1.0000092843112305,
        "mu_angular": 0.9999907157749671,
        "anisotropy_ratio": 1.0000037137196651
      },
      "unit_cell": {
        "type": "layered_dielectric",
        "layer_materials": [
          "silicon",
          "silica"
        ],
        "layer_thicknesses": [
          1.2366901290482028e-33,
          2.9851141045991104e-33
        ],
        "num_periods": 1,
        "effective_index": 1.0,
        "target_epsilon": 1.000005570570878,
        "target_mu": 0.9999944294601532,
        "geometric_scaling": {
          "reference_radius": 1.731366180667484e-35,
          "wavelength_scale": 1.731366180667484e-32,
          "subwavelength_ratio": 0.09999999999999999
        }
      },
      "fabrication_notes": {
        "fabrication_method": "Chemical vapor deposition (CVD) + atomic layer deposition (ALD)",
        "critical_dimensions": [
          "Layer thickness: 0.0 nm minimum"
        ],
        "material_requirements": [
          "High-purity silicon and silica precursors"
        ],
        "tolerance_requirements": "\u00b12% thickness control",
        "expected_challenges": [
          "Interface quality",
          "Stress management",
          "Thickness uniformity"
        ]
      }
    },
    {
      "shell_index": 31,
      "radius_inner": 1.7716948797489225e-35,
      "radius_outer": 1.8551922870207156e-35,
      "radius_midpoint": 1.8129629549067722e-35,
      "thickness": 8.349740727179316e-37,
      "material_parameters": {
        "epsilon_radial": 1.0000012165942846,
        "mu_radial": 0.9999987834071954,
        "epsilon_angular": 1.000002027658402,
        "mu_angular": 0.9999979723457093,
        "anisotropy_ratio": 1.0000008110631307
      },
      "unit_cell": {
        "type": "layered_dielectric",
        "layer_materials": [
          "silicon",
          "silica"
        ],
        "layer_thicknesses": [
          1.294973539219123e-33,
          3.125798198115125e-33
        ],
        "num_periods": 1,
        "effective_index": 0.9999999999999999,
        "target_epsilon": 1.0000012165942846,
        "target_mu": 0.9999987834071954,
        "geometric_scaling": {
          "reference_radius": 1.8129629549067722e-35,
          "wavelength_scale": 1.8129629549067723e-32,
          "subwavelength_ratio": 0.09999999999999999
        }
      },
      "fabrication_notes": {
        "fabrication_method": "Chemical vapor deposition (CVD) + atomic layer deposition (ALD)",
        "critical_dimensions": [
          "Layer thickness: 0.0 nm minimum"
        ],
        "material_requirements": [
          "High-purity silicon and silica precursors"
        ],
        "tolerance_requirements": "\u00b12% thickness control",
        "expected_challenges": [
          "Interface quality",
          "Stress management",
          "Thickness uniformity"
        ]
      }
    },
    {
      "shell_index": 32,
      "radius_inner": 1.8551922870207156e-35,
      "radius_outer": 1.9426248058632117e-35,
      "radius_midpoint": 1.898405266641595e-35,
      "thickness": 8.743251884249608e-37,
      "material_parameters": {
        "epsilon_radial": 1.000000224055675,
        "mu_radial": 0.9999997759443754,
        "epsilon_angular": 1.000000373426167,
        "mu_angular": 0.9999996265739723,
        "anisotropy_ratio": 1.0000001493704587
      },
      "unit_cell": {
        "type": "layered_dielectric",
        "layer_materials": [
          "silicon",
          "silica"
        ],
        "layer_thicknesses": [
          1.3560037618868535e-33,
          3.273112528692405e-33
        ],
        "num_periods": 1,
        "effective_index": 1.0,
        "target_epsilon": 1.000000224055675,
        "target_mu": 0.9999997759443754,
        "geometric_scaling": {
          "reference_radius": 1.898405266641595e-35,
          "wavelength_scale": 1.898405266641595e-32,
          "subwavelength_ratio": 0.1
        }
      },
      "fabrication_notes": {
        "fabrication_method": "Chemical vapor deposition (CVD) + atomic layer deposition (ALD)",
        "critical_dimensions": [
          "Layer thickness: 0.0 nm minimum"
        ],
        "material_requirements": [
          "High-purity silicon and silica precursors"
        ],
        "tolerance_requirements": "\u00b12% thickness control",
        "expected_challenges": [
          "Interface quality",
          "Stress management",
          "Thickness uniformity"
        ]
      }
    },
    {
      "shell_index": 33,
      "radius_inner": 1.9426248058632117e-35,
      "radius_outer": 2.0341778923712203e-35,
      "radius_midpoint": 1.9878743504705923e-35,
      "thickness": 9.155308650800858e-37,
      "material_parameters": {
        "epsilon_radial": 1.0000000341903001,
        "mu_radial": 0.999999965809701,
        "epsilon_angular": 1.0000000569838348,
        "mu_angular": 0.9999999430161685,
        "anisotropy_ratio": 1.0000000227935337
      },
      "unit_cell": {
        "type": "layered_dielectric",
        "layer_materials": [
          "silicon",
          "silica"
        ],
        "layer_thicknesses": [
          1.4199102503361372e-33,
          3.427369569776883e-33
        ],
        "num_periods": 1,
        "effective_index": 0.9999999999999999,
        "target_epsilon": 1.0000000341903001,
        "target_mu": 0.999999965809701,
        "geometric_scaling": {
          "reference_radius": 1.9878743504705923e-35,
          "wavelength_scale": 1.9878743504705922e-32,
          "subwavelength_ratio": 0.09999999999999999
        }
      },
      "fabrication_notes": {
        "fabrication_method": "Chemical vapor deposition (CVD) + atomic layer deposition (ALD)",
        "critical_dimensions": [
          "Layer thickness: 0.0 nm minimum"
        ],
        "material_requirements": [
          "High-purity silicon and silica precursors"
        ],
        "tolerance_requirements": "\u00b12% thickness control",
        "expected_challenges": [
          "Interface quality",
          "Stress management",
          "Thickness uniformity"
        ]
      }
    },
    {
      "shell_index": 34,
      "radius_inner": 2.0341778923712203e-35,
      "radius_outer": 2.1300457429159302e-35,
      "radius_midpoint": 2.0815599823159114e-35,
      "thickness": 9.586785054470995e-37,
      "material_parameters": {
        "epsilon_radial": 1.0000000042403372,
        "mu_radial": 0.9999999957596628,
        "epsilon_angular": 1.0000000070672284,
        "mu_angular": 0.9999999929327716,
        "anisotropy_ratio": 1.0000000028268912
      },
      "unit_cell": {
        "type": "layered_dielectric",
        "layer_materials": [
          "silicon",
          "silica"
        ],
        "layer_thicknesses": [
          1.4868285587970796e-33,
          3.58889652123433e-33
        ],
        "num_periods": 1,
        "effective_index": 1.0,
        "target_epsilon": 1.0000000042403372,
        "target_mu": 0.9999999957596628,
        "geometric_scaling": {
          "reference_radius": 2.0815599823159114e-35,
          "wavelength_scale": 2.0815599823159115e-32,
          "subwavelength_ratio": 0.1
        }
      },
      "fabrication_notes": {
        "fabrication_method": "Chemical vapor deposition (CVD) + atomic layer deposition (ALD)",
        "critical_dimensions": [
          "Layer thickness: 0.0 nm minimum"
        ],
        "material_requirements": [
          "High-purity silicon and silica precursors"
        ],
        "tolerance_requirements": "\u00b12% thickness control",
        "expected_challenges": [
          "Interface quality",
          "Stress management",
          "Thickness uniformity"
        ]
      }
    },
    {
      "shell_index": 35,
      "radius_inner": 2.1300457429159302e-35,
      "radius_outer": 2.230431706061537e-35,
      "radius_midpoint": 2.179660881963314e-35,
      "thickness": 1.0038596314560689e-36,
      "material_parameters": {
        "epsilon_radial": 1.000000000418436,
        "mu_radial": 0.999999999581564,
        "epsilon_angular": 1.0000000006973933,
        "mu_angular": 0.9999999993026067,
        "anisotropy_ratio": 1.0000000002789573
      },
      "unit_cell": {
        "type": "layered_dielectric",
        "layer_materials": [
          "silicon",
          "silica"
        ],
        "layer_thicknesses": [
          1.556900629973796e-33,
          3.7580360033850245e-33
        ],
        "num_periods": 1,
        "effective_index": 1.0,
        "target_epsilon": 1.000000000418436,
        "target_mu": 0.999999999581564,
        "geometric_scaling": {
          "reference_radius": 2.179660881963314e-35,
          "wavelength_scale": 2.1796608819633142e-32,
          "subwavelength_ratio": 0.09999999999999999
        }
      },
      "fabrication_notes": {
        "fabrication_method": "Chemical vapor deposition (CVD) + atomic layer deposition (ALD)",
        "critical_dimensions": [
          "Layer thickness: 0.0 nm minimum"
        ],
        "material_requirements": [
          "High-purity silicon and silica precursors"
        ],
        "tolerance_requirements": "\u00b12% thickness control",
        "expected_challenges": [
          "Interface quality",
          "Stress management",
          "Thickness uniformity"
        ]
      }
    },
    {
      "shell_index": 36,
      "radius_inner": 2.230431706061537e-35,
      "radius_outer": 2.3355487138949248e-35,
      "radius_midpoint": 2.282385134573586e-35,
      "thickness": 1.0511700783338771e-36,
      "material_parameters": {
        "epsilon_radial": 1.0000000000320963,
        "mu_radial": 0.9999999999679037,
        "epsilon_angular": 1.0000000000534939,
        "mu_angular": 0.9999999999465061,
        "anisotropy_ratio": 1.0000000000213976
      },
      "unit_cell": {
        "type": "layered_dielectric",
        "layer_materials": [
          "silicon",
          "silica"
        ],
        "layer_thicknesses": [
          1.63027509612399e-33,
          3.935146783747562e-33
        ],
        "num_periods": 1,
        "effective_index": 1.0,
        "target_epsilon": 1.0000000000320963,
        "target_mu": 0.9999999999679037,
        "geometric_scaling": {
          "reference_radius": 2.282385134573586e-35,
          "wavelength_scale": 2.2823851345735858e-32,
          "subwavelength_ratio": 0.1
        }
      },
      "fabrication_notes": {
        "fabrication_method": "Chemical vapor deposition (CVD) + atomic layer deposition (ALD)",
        "critical_dimensions": [
          "Layer thickness: 0.0 nm minimum"
        ],
        "material_requirements": [
          "High-purity silicon and silica precursors"
        ],
        "tolerance_requirements": "\u00b12% thickness control",
        "expected_challenges": [
          "Interface quality",
          "Stress management",
          "Thickness uniformity"
        ]
      }
    },
    {
      "shell_index": 37,
      "radius_inner": 2.3355487138949248e-35,
      "radius_outer": 2.445619733682916e-35,
      "radius_midpoint": 2.3899506320589935e-35,
      "thickness": 1.1007101978799113e-36,
      "material_parameters": {
        "epsilon_radial": 1.0000000000018652,
        "mu_radial": 0.9999999999981348,
        "epsilon_angular": 1.0000000000031086,
        "mu_angular": 0.9999999999968914,
        "anisotropy_ratio": 1.0000000000012434
      },
      "unit_cell": {
        "type": "layered_dielectric",
        "layer_materials": [
          "silicon",
          "silica"
        ],
        "layer_thicknesses": [
          1.7071075943278523e-33,
          4.120604538032747e-33
        ],
        "num_periods": 1,
        "effective_index": 1.0,
        "target_epsilon": 1.0000000000018652,
        "target_mu": 0.9999999999981348,
        "geometric_scaling": {
          "reference_radius": 2.3899506320589935e-35,
          "wavelength_scale": 2.3899506320589934e-32,
          "subwavelength_ratio": 0.09999999999999999
        }
      },
      "fabrication_notes": {
        "fabrication_method": "Chemical vapor deposition (CVD) + atomic layer deposition (ALD)",
        "critical_dimensions": [
          "Layer thickness: 0.0 nm minimum"
        ],
        "material_requirements": [
          "High-purity silicon and silica precursors"
        ],
        "tolerance_requirements": "\u00b12% thickness control",
        "expected_challenges": [
          "Interface quality",
          "Stress management",
          "Thickness uniformity"
        ]
      }
    },
    {
      "shell_index": 38,
      "radius_inner": 2.445619733682916e-35,
      "radius_outer": 2.560878240816038e-35,
      "radius_midpoint": 2.502585535261261e-35,
      "thickness": 1.1525850713312206e-36,
      "material_parameters": {
        "epsilon_radial": 1.0000000000000795,
        "mu_radial": 0.9999999999999205,
        "epsilon_angular": 1.0000000000001328,
        "mu_angular": 0.9999999999998672,
        "anisotropy_ratio": 1.0000000000000533
      },
      "unit_cell": {
        "type": "layered_dielectric",
        "layer_materials": [
          "silicon",
          "silica"
        ],
        "layer_thicknesses": [
          1.7875610966151866e-33,
          4.3148026470021745e-33
        ],
        "num_periods": 1,
        "effective_index": 1.0,
        "target_epsilon": 1.0000000000000795,
        "target_mu": 0.9999999999999205,
        "geometric_scaling": {
          "reference_radius": 2.502585535261261e-35,
          "wavelength_scale": 2.502585535261261e-32,
          "subwavelength_ratio": 0.09999999999999999
        }
      },
      "fabrication_notes": {
        "fabrication_method": "Chemical vapor deposition (CVD) + atomic layer deposition (ALD)",
        "critical_dimensions": [
          "Layer thickness: 0.0 nm minimum"
        ],
        "material_requirements": [
          "High-purity silicon and silica precursors"
        ],
        "tolerance_requirements": "\u00b12% thickness control",
        "expected_challenges": [
          "Interface quality",
          "Stress management",
          "Thickness uniformity"
        ]
      }
    },
    {
      "shell_index": 39,
      "radius_inner": 2.560878240816038e-35,
      "radius_outer": 2.681568714040815e-35,
      "radius_midpoint": 2.620528757911305e-35,
      "thickness": 1.2069047322477703e-36,
      "material_parameters": {
        "epsilon_radial": 1.0000000000000024,
        "mu_radial": 0.9999999999999976,
        "epsilon_angular": 1.0000000000000038,
        "mu_angular": 0.9999999999999962,
        "anisotropy_ratio": 1.0000000000000013
      },
      "unit_cell": {
        "type": "layered_dielectric",
        "layer_materials": [
          "silicon",
          "silica"
        ],
        "layer_thicknesses": [
          1.871806255650932e-33,
          4.51815303088156e-33
        ],
        "num_periods": 1,
        "effective_index": 1.0,
        "target_epsilon": 1.0000000000000024,
        "target_mu": 0.9999999999999976,
        "geometric_scaling": {
          "reference_radius": 2.620528757911305e-35,
          "wavelength_scale": 2.620528757911305e-32,
          "subwavelength_ratio": 0.09999999999999999
        }
      },
      "fabrication_notes": {
        "fabrication_method": "Chemical vapor deposition (CVD) + atomic layer deposition (ALD)",
        "critical_dimensions": [
          "Layer thickness: 0.0 nm minimum"
        ],
        "material_requirements": [
          "High-purity silicon and silica precursors"
        ],
        "tolerance_requirements": "\u00b12% thickness control",
        "expected_challenges": [
          "Interface quality",
          "Stress management",
          "Thickness uniformity"
        ]
      }
    },
    {
      "shell_index": 40,
      "radius_inner": 2.681568714040815e-35,
      "radius_outer": 2.807947154032297e-35,
      "radius_midpoint": 2.7440304733972895e-35,
      "thickness": 1.2637843999148171e-36,
      "material_parameters": {
        "epsilon_radial": 1.0,
        "mu_radial": 1.0,
        "epsilon_angular": 1.0,
        "mu_angular": 1.0,
        "anisotropy_ratio": 1.0
      },
      "unit_cell": {
        "type": "layered_dielectric",
        "layer_materials": [
          "silicon",
          "silica"
        ],
        "layer_thicknesses": [
          1.9600217667123496e-33,
          4.731087023098775e-33
        ],
        "num_periods": 1,
        "effective_index": 1.0,
        "target_epsilon": 1.0,
        "target_mu": 1.0,
        "geometric_scaling": {
          "reference_radius": 2.7440304733972895e-35,
          "wavelength_scale": 2.7440304733972895e-32,
          "subwavelength_ratio": 0.09999999999999999
        }
      },
      "fabrication_notes": {
        "fabrication_method": "Chemical vapor deposition (CVD) + atomic layer deposition (ALD)",
        "critical_dimensions": [
          "Layer thickness: 0.0 nm minimum"
        ],
        "material_requirements": [
          "High-purity silicon and silica precursors"
        ],
        "tolerance_requirements": "\u00b12% thickness control",
        "expected_challenges": [
          "Interface quality",
          "Stress management",
          "Thickness uniformity"
        ]
      }
    },
    {
      "shell_index": 41,
      "radius_inner": 2.807947154032297e-35,
      "radius_outer": 2.9402816264055156e-35,
      "radius_midpoint": 2.873352645415947e-35,
      "thickness": 1.3233447237321884e-36,
      "material_parameters": {
        "epsilon_radial": 1.0,
        "mu_radial": 1.0,
        "epsilon_angular": 1.0,
        "mu_angular": 1.0,
        "anisotropy_ratio": 1.0
      },
      "unit_cell": {
        "type": "layered_dielectric",
        "layer_materials": [
          "silicon",
          "silica"
        ],
        "layer_thicknesses": [
          2.052394746725676e-33,
          4.954056285199908e-33
        ],
        "num_periods": 1,
        "effective_index": 1.0,
        "target_epsilon": 1.0,
        "target_mu": 1.0,
        "geometric_scaling": {
          "reference_radius": 2.873352645415947e-35,
          "wavelength_scale": 2.8733526454159465e-32,
          "subwavelength_ratio": 0.09999999999999999
        }
      },
      "fabrication_notes": {
        "fabrication_method": "Chemical vapor deposition (CVD) + atomic layer deposition (ALD)",
        "critical_dimensions": [
          "Layer thickness: 0.0 nm minimum"
        ],
        "material_requirements": [
          "High-purity silicon and silica precursors"
        ],
        "tolerance_requirements": "\u00b12% thickness control",
        "expected_challenges": [
          "Interface quality",
          "Stress management",
          "Thickness uniformity"
        ]
      }
    },
    {
      "shell_index": 42,
      "radius_inner": 2.9402816264055156e-35,
      "radius_outer": 3.0788528303187167e-35,
      "radius_midpoint": 3.0087695836326086e-35,
      "thickness": 1.3857120391320109e-36,
      "material_parameters": {
        "epsilon_radial": 1.0,
        "mu_radial": 1.0,
        "epsilon_angular": 1.0,
        "mu_angular": 1.0,
        "anisotropy_ratio": 1.0
      },
      "unit_cell": {
        "type": "layered_dielectric",
        "layer_materials": [
          "silicon",
          "silica"
        ],
        "layer_thicknesses": [
          2.149121131166149e-33,
          5.187533764883808e-33
        ],
        "num_periods": 1,
        "effective_index": 1.0,
        "target_epsilon": 1.0,
        "target_mu": 1.0,
        "geometric_scaling": {
          "reference_radius": 3.0087695836326086e-35,
          "wavelength_scale": 3.008769583632609e-32,
          "subwavelength_ratio": 0.1
        }
      },
      "fabrication_notes": {
        "fabrication_method": "Chemical vapor deposition (CVD) + atomic layer deposition (ALD)",
        "critical_dimensions": [
          "Layer thickness: 0.0 nm minimum"
        ],
        "material_requirements": [
          "High-purity silicon and silica precursors"
        ],
        "tolerance_requirements": "\u00b12% thickness control",
        "expected_challenges": [
          "Interface quality",
          "Stress management",
          "Thickness uniformity"
        ]
      }
    },
    {
      "shell_index": 43,
      "radius_inner": 3.0788528303187167e-35,
      "radius_outer": 3.2239546938740635e-35,
      "radius_midpoint": 3.15056852552892e-35,
      "thickness": 1.4510186355534685e-36,
      "material_parameters": {
        "epsilon_radial": 1.0,
        "mu_radial": 1.0,
        "epsilon_angular": 1.0,
        "mu_angular": 1.0,
        "anisotropy_ratio": 1.0
      },
      "unit_cell": {
        "type": "layered_dielectric",
        "layer_materials": [
          "silicon",
          "silica"
        ],
        "layer_thicknesses": [
          2.250406089663514e-33,
          5.4320146991877926e-33
        ],
        "num_periods": 1,
        "effective_index": 1.0,
        "target_epsilon": 1.0,
        "target_mu": 1.0,
        "geometric_scaling": {
          "reference_radius": 3.15056852552892e-35,
          "wavelength_scale": 3.15056852552892e-32,
          "subwavelength_ratio": 0.1
        }
      },
      "fabrication_notes": {
        "fabrication_method": "Chemical vapor deposition (CVD) + atomic layer deposition (ALD)",
        "critical_dimensions": [
          "Layer thickness: 0.0 nm minimum"
        ],
        "material_requirements": [
          "High-purity silicon and silica precursors"
        ],
        "tolerance_requirements": "\u00b12% thickness control",
        "expected_challenges": [
          "Interface quality",
          "Stress management",
          "Thickness uniformity"
        ]
      }
    },
    {
      "shell_index": 44,
      "radius_inner": 3.2239546938740635e-35,
      "radius_outer": 3.3758949975781994e-35,
      "radius_midpoint": 3.299050245671958e-35,
      "thickness": 1.5194030370413586e-36,
      "material_parameters": {
        "epsilon_radial": 1.0,
        "mu_radial": 1.0,
        "epsilon_angular": 1.0,
        "mu_angular": 1.0,
        "anisotropy_ratio": 1.0
      },
      "unit_cell": {
        "type": "layered_dielectric",
        "layer_materials": [
          "silicon",
          "silica"
        ],
        "layer_thicknesses": [
          2.3564644611942556e-33,
          5.6880176649516516e-33
        ],
        "num_periods": 1,
        "effective_index": 1.0,
        "target_epsilon": 1.0,
        "target_mu": 1.0,
        "geometric_scaling": {
          "reference_radius": 3.299050245671958e-35,
          "wavelength_scale": 3.299050245671958e-32,
          "subwavelength_ratio": 0.1
        }
      },
      "fabrication_notes": {
        "fabrication_method": "Chemical vapor deposition (CVD) + atomic layer deposition (ALD)",
        "critical_dimensions": [
          "Layer thickness: 0.0 nm minimum"
        ],
        "material_requirements": [
          "High-purity silicon and silica precursors"
        ],
        "tolerance_requirements": "\u00b12% thickness control",
        "expected_challenges": [
          "Interface quality",
          "Stress management",
          "Thickness uniformity"
        ]
      }
    },
    {
      "shell_index": 45,
      "radius_inner": 3.3758949975781994e-35,
      "radius_outer": 3.5349960271863804e-35,
      "radius_midpoint": 3.4545296936974374e-35,
      "thickness": 1.5910102960818105e-36,
      "material_parameters": {
        "epsilon_radial": 1.0,
        "mu_radial": 1.0,
        "epsilon_angular": 1.0,
        "mu_angular": 1.0,
        "anisotropy_ratio": 1.0
      },
      "unit_cell": {
        "type": "layered_dielectric",
        "layer_materials": [
          "silicon",
          "silica"
        ],
        "layer_thicknesses": [
          2.4675212097838838e-33,
          5.9560856787886854e-33
        ],
        "num_periods": 1,
        "effective_index": 1.0,
        "target_epsilon": 1.0,
        "target_mu": 1.0,
        "geometric_scaling": {
          "reference_radius": 3.4545296936974374e-35,
          "wavelength_scale": 3.4545296936974373e-32,
          "subwavelength_ratio": 0.09999999999999999
        }
      },
      "fabrication_notes": {
        "fabrication_method": "Chemical vapor deposition (CVD) + atomic layer deposition (ALD)",
        "critical_dimensions": [
          "Layer thickness: 0.0 nm minimum"
        ],
        "material_requirements": [
          "High-purity silicon and silica precursors"
        ],
        "tolerance_requirements": "\u00b12% thickness control",
        "expected_challenges": [
          "Interface quality",
          "Stress management",
          "Thickness uniformity"
        ]
      }
    },
    {
      "shell_index": 46,
      "radius_inner": 3.5349960271863804e-35,
      "radius_outer": 3.701595257313339e-35,
      "radius_midpoint": 3.617336662360113e-35,
      "thickness": 1.6659923012695866e-36,
      "material_parameters": {
        "epsilon_radial": 1.0,
        "mu_radial": 1.0,
        "epsilon_angular": 1.0,
        "mu_angular": 1.0,
        "anisotropy_ratio": 1.0
      },
      "unit_cell": {
        "type": "layered_dielectric",
        "layer_materials": [
          "silicon",
          "silica"
        ],
        "layer_thicknesses": [
          2.583811901685795e-33,
          6.236787348896746e-33
        ],
        "num_periods": 1,
        "effective_index": 1.0,
        "target_epsilon": 1.0,
        "target_mu": 1.0,
        "geometric_scaling": {
          "reference_radius": 3.617336662360113e-35,
          "wavelength_scale": 3.617336662360113e-32,
          "subwavelength_ratio": 0.1
        }
      },
      "fabrication_notes": {
        "fabrication_method": "Chemical vapor deposition (CVD) + atomic layer deposition (ALD)",
        "critical_dimensions": [
          "Layer thickness: 0.0 nm minimum"
        ],
        "material_requirements": [
          "High-purity silicon and silica precursors"
        ],
        "tolerance_requirements": "\u00b12% thickness control",
        "expected_challenges": [
          "Interface quality",
          "Stress management",
          "Thickness uniformity"
        ]
      }
    },
    {
      "shell_index": 47,
      "radius_inner": 3.701595257313339e-35,
      "radius_outer": 3.8760460672626406e-35,
      "radius_midpoint": 3.7878164870684283e-35,
      "thickness": 1.7445080994930146e-36,
      "material_parameters": {
        "epsilon_radial": 1.0,
        "mu_radial": 1.0,
        "epsilon_angular": 1.0,
        "mu_angular": 1.0,
        "anisotropy_ratio": 1.0
      },
      "unit_cell": {
        "type": "layered_dielectric",
        "layer_materials": [
          "silicon",
          "silica"
        ],
        "layer_thicknesses": [
          2.7055832050488775e-33,
          6.530718081152462e-33
        ],
        "num_periods": 1,
        "effective_index": 1.0,
        "target_epsilon": 1.0,
        "target_mu": 1.0,
        "geometric_scaling": {
          "reference_radius": 3.7878164870684283e-35,
          "wavelength_scale": 3.7878164870684283e-32,
          "subwavelength_ratio": 0.1
        }
      },
      "fabrication_notes": {
        "fabrication_method": "Chemical vapor deposition (CVD) + atomic layer deposition (ALD)",
        "critical_dimensions": [
          "Layer thickness: 0.0 nm minimum"
        ],
        "material_requirements": [
          "High-purity silicon and silica precursors"
        ],
        "tolerance_requirements": "\u00b12% thickness control",
        "expected_challenges": [
          "Interface quality",
          "Stress management",
          "Thickness uniformity"
        ]
      }
    },
    {
      "shell_index": 48,
      "radius_inner": 3.8760460672626406e-35,
      "radius_outer": 4.0587184905910906e-35,
      "radius_midpoint": 3.9663307783872183e-35,
      "thickness": 1.8267242332845006e-36,
      "material_parameters": {
        "epsilon_radial": 1.0,
        "mu_radial": 1.0,
        "epsilon_angular": 1.0,
        "mu_angular": 1.0,
        "anisotropy_ratio": 1.0
      },
      "unit_cell": {
        "type": "layered_dielectric",
        "layer_materials": [
          "silicon",
          "silica"
        ],
        "layer_thicknesses": [
          2.8330934131337276e-33,
          6.838501342046929e-33
        ],
        "num_periods": 1,
        "effective_index": 1.0,
        "target_epsilon": 1.0,
        "target_mu": 1.0,
        "geometric_scaling": {
          "reference_radius": 3.9663307783872183e-35,
          "wavelength_scale": 3.9663307783872184e-32,
          "subwavelength_ratio": 0.09999999999999999
        }
      },
      "fabrication_notes": {
        "fabrication_method": "Chemical vapor deposition (CVD) + atomic layer deposition (ALD)",
        "critical_dimensions": [
          "Layer thickness: 0.0 nm minimum"
        ],
        "material_requirements": [
          "High-purity silicon and silica precursors"
        ],
        "tolerance_requirements": "\u00b12% thickness control",
        "expected_challenges": [
          "Interface quality",
          "Stress management",
          "Thickness uniformity"
        ]
      }
    },
    {
      "shell_index": 49,
      "radius_inner": 4.0587184905910906e-35,
      "radius_outer": 4.250000000000018e-35,
      "radius_midpoint": 4.153258189062198e-35,
      "thickness": 1.912815094089276e-36,
      "material_parameters": {
        "epsilon_radial": 1.0,
        "mu_radial": 1.0,
        "epsilon_angular": 1.0,
        "mu_angular": 1.0,
        "anisotropy_ratio": 1.0
      },
      "unit_cell": {
        "type": "layered_dielectric",
        "layer_materials": [
          "silicon",
          "silica"
        ],
        "layer_thicknesses": [
          2.9666129921872842e-33,
          7.16078998114172e-33
        ],
        "num_periods": 1,
        "effective_index": 1.0,
        "target_epsilon": 1.0,
        "target_mu": 1.0,
        "geometric_scaling": {
          "reference_radius": 4.153258189062198e-35,
          "wavelength_scale": 4.153258189062198e-32,
          "subwavelength_ratio": 0.09999999999999999
        }
      },
      "fabrication_notes": {
        "fabrication_method": "Chemical vapor deposition (CVD) + atomic layer deposition (ALD)",
        "critical_dimensions": [
          "Layer thickness: 0.0 nm minimum"
        ],
        "material_requirements": [
          "High-purity silicon and silica precursors"
        ],
        "tolerance_requirements": "\u00b12% thickness control",
        "expected_challenges": [
          "Interface quality",
          "Stress management",
          "Thickness uniformity"
        ]
      }
    }
  ]
}